invoice_ref,merchant_id,billed_amount,currency,issue_date,due_date,status
INV8FF659D3,MERCH006,9860.54,INR,2026-08-20 06:53:21.388381,2026-09-04 06:53:21.388381,OPEN
INV211BC53A,MERCH003,3906.27,INR,2026-08-12 10:19:21.388444,2026-08-27 10:19:21.388444,PAID
INVF00DF8D5,MERCH002,842.28,INR,2026-07-26 01:36:21.388469,2026-08-10 01:36:21.388469,PAID
INVC4B15993,MERCH020,484.63,INR,2026-07-27 02:05:21.388486,2026-08-11 02:05:21.388486,OPEN
INV8085A158,MERCH002,744.74,INR,2026-08-22 05:46:21.388499,2026-09-06 05:46:21.388499,DISPUTED
INVF4B1248B,MERCH009,5167.12,INR,2026-08-09 16:48:21.388511,2026-08-24 16:48:21.388511,PAID
INV9BCD87E5,MERCH012,6753.45,INR,2026-08-01 16:00:21.388544,2026-08-16 16:00:21.388544,PAID
INV0524E2C4,MERCH018,10638.86,INR,2026-08-01 06:31:21.388565,2026-08-16 06:31:21.388565,DISPUTED
INVCF5F1673,MERCH009,8033.77,INR,2026-08-07 05:58:21.388587,2026-08-22 05:58:21.388587,OPEN
INV99FF59BD,MERCH008,1735.78,INR,2026-07-29 11:50:21.388601,2026-08-13 11:50:21.388601,DISPUTED
INV6781EC57,MERCH009,8625.25,INR,2026-08-05 15:21:21.388613,2026-08-20 15:21:21.388613,DISPUTED
INV2B191292,MERCH013,1003.3,INR,2026-07-26 17:12:21.388624,2026-08-10 17:12:21.388624,PAID
INV6E9E38D4,MERCH005,11224.45,INR,2026-08-15 14:04:21.388636,2026-08-30 14:04:21.388636,DISPUTED
INV52800429,MERCH012,9334.71,INR,2026-08-17 09:09:21.388646,2026-09-01 09:09:21.388646,OPEN
INV37BA882F,MERCH002,910.56,INR,2026-08-18 16:14:21.388658,2026-09-02 16:14:21.388658,OPEN
INVCC0CDDF2,MERCH013,826.21,INR,2026-08-11 18:12:21.388668,2026-08-26 18:12:21.388668,PAID
INV49C1AD98,MERCH018,9176.55,INR,2026-08-01 09:58:21.388724,2026-08-16 09:58:21.388724,PAID
INV041922D0,MERCH011,3606.05,INR,2026-08-21 04:14:21.388752,2026-09-05 04:14:21.388752,DISPUTED
INV342E5648,MERCH001,12640.59,INR,2026-08-15 20:53:21.388770,2026-08-30 20:53:21.388770,OPEN
INVCB004291,MERCH010,850.35,INR,2026-07-28 17:09:21.388821,2026-08-12 17:09:21.388821,PAID
INV92E786BB,MERCH005,10479.79,INR,2026-07-24 20:43:21.388844,2026-08-08 20:43:21.388844,PAID
INVD2B661F5,MERCH016,8934.25,INR,2026-08-24 09:42:21.388861,2026-09-08 09:42:21.388861,PAID
INV435DA241,MERCH008,2266.85,INR,2026-07-25 11:36:21.388878,2026-08-09 11:36:21.388878,OPEN
INV71172D4E,MERCH018,10034.96,INR,2026-07-31 09:33:21.388895,2026-08-15 09:33:21.388895,PAID
INV9DAFBD70,MERCH009,5282.36,INR,2026-07-25 06:42:21.388911,2026-08-09 06:42:21.388911,PAID
INV9865A5C7,MERCH010,899.02,INR,2026-08-11 16:00:21.388929,2026-08-26 16:00:21.388929,DISPUTED
INV213AA4C2,MERCH017,3297.15,INR,2026-08-22 03:40:21.388948,2026-09-06 03:40:21.388948,PAID
INV41E49D21,MERCH019,12652.57,INR,2026-08-17 13:37:21.388961,2026-09-01 13:37:21.388961,PAID
INVB74616BF,MERCH003,5593.26,INR,2026-08-21 21:26:21.388972,2026-09-05 21:26:21.388972,DISPUTED
INV5CD229EB,MERCH007,11200.35,INR,2026-08-07 08:55:21.388983,2026-08-22 08:55:21.388983,DISPUTED
INVD2D5EE2F,MERCH008,1864.07,INR,2026-08-18 10:35:21.388994,2026-09-02 10:35:21.388994,PAID
INVDBD77A5C,MERCH014,2483.64,INR,2026-08-10 22:46:21.389004,2026-08-25 22:46:21.389004,OPEN
INV2B54DED9,MERCH002,766.22,INR,2026-07-28 10:26:21.389014,2026-08-12 10:26:21.389014,PAID
INVF9D876D4,MERCH018,9753.81,INR,2026-08-10 09:14:21.389025,2026-08-25 09:14:21.389025,PAID
INVA9E42202,MERCH015,9927.43,INR,2026-08-09 20:35:21.389035,2026-08-24 20:35:21.389035,OPEN
INV84F7FD34,MERCH003,6013.38,INR,2026-07-26 06:31:21.389047,2026-08-10 06:31:21.389047,DISPUTED
INVB0F9030D,MERCH016,8689.79,INR,2026-08-23 08:17:21.389062,2026-09-07 08:17:21.389062,DISPUTED
INV91132814,MERCH009,7596.98,INR,2026-07-25 23:23:21.389072,2026-08-09 23:23:21.389072,DISPUTED
INVB61EE2BB,MERCH005,11612.09,INR,2026-08-22 18:54:21.389096,2026-09-06 18:54:21.389096,OPEN
INV50B925F4,MERCH011,4028.85,INR,2026-08-23 12:04:21.389114,2026-09-07 12:04:21.389114,PAID
INVF8C5AFAA,MERCH002,913.94,INR,2026-08-19 11:03:21.389130,2026-09-03 11:03:21.389130,PAID
INV2AA676E9,MERCH013,871.54,INR,2026-08-20 19:26:21.389141,2026-09-04 19:26:21.389141,OPEN
INVE93AA1F4,MERCH020,707.76,INR,2026-08-05 21:21:21.389151,2026-08-20 21:21:21.389151,PAID
INV4E146D5B,MERCH011,4067.21,INR,2026-08-17 05:16:21.389162,2026-09-01 05:16:21.389162,PAID
INV1B99BD91,MERCH015,8919.49,INR,2026-08-22 13:12:21.389173,2026-09-06 13:12:21.389173,OPEN
INVE035166F,MERCH003,5516.11,INR,2026-08-07 07:09:21.389184,2026-08-22 07:09:21.389184,PAID
INVD07A3272,MERCH012,9596.63,INR,2026-08-13 04:31:21.389195,2026-08-28 04:31:21.389195,PAID
INV259AFA81,MERCH020,469.49,INR,2026-07-29 17:08:21.389205,2026-08-13 17:08:21.389205,PAID
INV0D57835C,MERCH004,4015.67,INR,2026-08-21 09:54:21.389215,2026-09-05 09:54:21.389215,PAID
INV62A14743,MERCH009,6418.29,INR,2026-08-14 18:28:21.389226,2026-08-29 18:28:21.389226,PAID
INV09432271,MERCH009,5863.37,INR,2026-07-26 12:36:21.389236,2026-08-10 12:36:21.389236,PAID
INV0569F1C0,MERCH002,859.31,INR,2026-08-24 02:52:21.389249,2026-09-08 02:52:21.389249,PAID
INV6F69D39A,MERCH006,10204.24,INR,2026-08-10 20:41:21.389262,2026-08-25 20:41:21.389262,OPEN
INVEBC37C0B,MERCH005,9058.04,INR,2026-08-07 11:48:21.389274,2026-08-22 11:48:21.389274,PAID
INV7BF9F3AC,MERCH014,3686.45,INR,2026-07-27 11:44:21.389285,2026-08-11 11:44:21.389285,PAID
INVE00CB60A,MERCH008,1923.38,INR,2026-08-03 10:19:21.389298,2026-08-18 10:19:21.389298,DISPUTED
INV2604DEEB,MERCH020,593.56,INR,2026-08-17 07:50:21.389308,2026-09-01 07:50:21.389308,DISPUTED
INVFB0C7EEC,MERCH001,6428.95,INR,2026-08-18 13:42:21.389319,2026-09-02 13:42:21.389319,DISPUTED
INVAF66365A,MERCH008,1711.63,INR,2026-08-21 00:46:21.389329,2026-09-05 00:46:21.389329,DISPUTED
INVE547AD63,MERCH008,2222.74,INR,2026-08-17 23:19:21.389340,2026-09-01 23:19:21.389340,PAID
INVE73BB856,MERCH008,1931.72,INR,2026-08-14 04:46:21.389360,2026-08-29 04:46:21.389360,PAID
INV32E648B1,MERCH012,7941.6,INR,2026-08-03 21:16:21.389379,2026-08-18 21:16:21.389379,PAID
INV92A92884,MERCH001,12683.4,INR,2026-08-18 19:25:21.389435,2026-09-02 19:25:21.389435,OPEN
INVD82534A5,MERCH020,751.01,INR,2026-08-11 01:55:21.389449,2026-08-26 01:55:21.389449,DISPUTED
INVB5946B46,MERCH020,638.21,INR,2026-07-26 19:29:21.389460,2026-08-10 19:29:21.389460,OPEN
INV0B34BF2A,MERCH014,3358.27,INR,2026-08-23 20:42:21.389476,2026-09-07 20:42:21.389476,PAID
INVB98DB9EE,MERCH012,5226.99,INR,2026-07-26 03:02:21.389488,2026-08-10 03:02:21.389488,OPEN
INV7281A969,MERCH010,1074.71,INR,2026-08-08 03:59:21.389500,2026-08-23 03:59:21.389500,PAID
INV719310DD,MERCH013,829.82,INR,2026-08-17 23:59:21.389511,2026-09-01 23:59:21.389511,PAID
INVF151C379,MERCH020,487.07,INR,2026-08-06 04:16:21.389521,2026-08-21 04:16:21.389521,OPEN
INV2AD4DFFB,MERCH010,897.99,INR,2026-08-05 18:00:21.389531,2026-08-20 18:00:21.389531,DISPUTED
INV903FC59E,MERCH015,11459.05,INR,2026-08-09 16:28:21.389541,2026-08-24 16:28:21.389541,DISPUTED
INV01832582,MERCH006,9627.27,INR,2026-08-02 17:02:21.389552,2026-08-17 17:02:21.389552,OPEN
INV149A8B6E,MERCH008,1579.27,INR,2026-08-03 04:27:21.389562,2026-08-18 04:27:21.389562,PAID
INV40D7421E,MERCH001,13808.52,INR,2026-08-05 11:12:21.389573,2026-08-20 11:12:21.389573,PAID
INVF7E09741,MERCH013,993.99,INR,2026-08-09 01:26:21.389586,2026-08-24 01:26:21.389586,OPEN
INV8ED445C2,MERCH004,3806.52,INR,2026-07-29 15:08:21.389597,2026-08-13 15:08:21.389597,OPEN
INV20F045B8,MERCH018,8106.03,INR,2026-08-17 10:12:21.389609,2026-09-01 10:12:21.389609,DISPUTED
INVDD937285,MERCH017,4440.17,INR,2026-07-24 23:02:21.389619,2026-08-08 23:02:21.389619,DISPUTED
INVB34EFB37,MERCH018,8905.64,INR,2026-08-10 07:54:21.389630,2026-08-25 07:54:21.389630,DISPUTED
INV4F7947C0,MERCH009,6639.08,INR,2026-08-15 21:10:21.389640,2026-08-30 21:10:21.389640,PAID
INV6BA59381,MERCH015,7074.49,INR,2026-08-21 15:23:21.389650,2026-09-05 15:23:21.389650,PAID
INV14F4FA06,MERCH011,3379.2,INR,2026-08-20 09:27:21.389661,2026-09-04 09:27:21.389661,PAID
INVDAFC46FE,MERCH007,15711.73,INR,2026-08-22 00:15:21.389673,2026-09-06 00:15:21.389673,DISPUTED
INV1D4E57C4,MERCH014,4270.56,INR,2026-08-11 18:57:21.389705,2026-08-26 18:57:21.389705,DISPUTED
INVB6C2A793,MERCH016,9310.69,INR,2026-08-24 02:22:21.389734,2026-09-08 02:22:21.389734,DISPUTED
INV47B25E00,MERCH018,9017.74,INR,2026-08-05 06:10:21.389752,2026-08-20 06:10:21.389752,PAID
INV643C6334,MERCH014,2745.36,INR,2026-08-09 13:17:21.389767,2026-08-24 13:17:21.389767,DISPUTED
INVC9492705,MERCH006,12182.17,INR,2026-08-04 20:40:21.389784,2026-08-19 20:40:21.389784,OPEN
INVDF037BE6,MERCH003,3214.46,INR,2026-08-04 00:33:21.389799,2026-08-19 00:33:21.389799,PAID
INV3C93AADD,MERCH002,855.31,INR,2026-08-10 03:20:21.389815,2026-08-25 03:20:21.389815,PAID
INV6DE5ED36,MERCH014,3834.15,INR,2026-08-16 11:11:21.389831,2026-08-31 11:11:21.389831,OPEN
INV8DCE73B9,MERCH012,7899.04,INR,2026-07-24 17:39:21.389846,2026-08-08 17:39:21.389846,PAID
INV3A01A79D,MERCH007,14186.61,INR,2026-07-29 13:02:21.389874,2026-08-13 13:02:21.389874,PAID
INVBD1384DD,MERCH005,10363.69,INR,2026-07-25 07:12:21.389894,2026-08-09 07:12:21.389894,PAID
INV42DD8CBD,MERCH006,10438.22,INR,2026-08-04 17:54:21.389910,2026-08-19 17:54:21.389910,PAID
INV44EB11F6,MERCH010,956.87,INR,2026-08-14 18:58:21.389923,2026-08-29 18:58:21.389923,DISPUTED
INV9BC3DA0F,MERCH007,13725.39,INR,2026-08-21 18:57:21.389933,2026-09-05 18:57:21.389933,OPEN
INVD3BE01A7,MERCH010,1043.65,INR,2026-08-20 18:51:21.389944,2026-09-04 18:51:21.389944,PAID
INV856EBDA9,MERCH018,7559.72,INR,2026-08-10 16:18:21.389957,2026-08-25 16:18:21.389957,PAID
INV0DCB3EE8,MERCH001,11367.37,INR,2026-08-21 00:18:21.389968,2026-09-05 00:18:21.389968,PAID
INVEE537658,MERCH014,2618.48,INR,2026-08-18 14:08:21.389989,2026-09-02 14:08:21.389989,DISPUTED
INV2B64242B,MERCH015,7706.04,INR,2026-08-16 02:47:21.390001,2026-08-31 02:47:21.390001,OPEN
INVE1DF4FB9,MERCH009,7251.43,INR,2026-07-26 23:26:21.390016,2026-08-10 23:26:21.390016,DISPUTED
INV16463984,MERCH011,4727.01,INR,2026-08-18 22:28:21.390030,2026-09-02 22:28:21.390030,PAID
INV870D6AE5,MERCH011,3862.91,INR,2026-08-15 17:57:21.390041,2026-08-30 17:57:21.390041,OPEN
INV452F31DC,MERCH017,3918.59,INR,2026-08-01 00:10:21.390052,2026-08-16 00:10:21.390052,PAID
INVB48C04CD,MERCH016,8230.72,INR,2026-08-03 15:10:21.390061,2026-08-18 15:10:21.390061,OPEN
INV7CA4AB75,MERCH003,4299.89,INR,2026-08-17 03:59:21.390074,2026-09-01 03:59:21.390074,PAID
INV31D3C884,MERCH016,9635.38,INR,2026-08-06 21:19:21.390104,2026-08-21 21:19:21.390104,PAID
INV6D62892B,MERCH012,7555.19,INR,2026-08-16 06:34:21.390132,2026-08-31 06:34:21.390132,PAID
INV96EE2ADF,MERCH004,3310.41,INR,2026-07-31 19:53:21.390144,2026-08-15 19:53:21.390144,PAID
INV30210BBD,MERCH007,13320.6,INR,2026-08-05 21:03:21.390156,2026-08-20 21:03:21.390156,OPEN
INV508FCCF1,MERCH007,11819.19,INR,2026-08-15 06:18:21.390166,2026-08-30 06:18:21.390166,PAID
INVAE4162C6,MERCH001,9572.86,INR,2026-08-23 12:06:21.390184,2026-09-07 12:06:21.390184,PAID
INV4EF6CDD0,MERCH016,7768.66,INR,2026-08-21 13:05:21.390205,2026-09-05 13:05:21.390205,DISPUTED
INVDE169081,MERCH016,7652.72,INR,2026-08-23 04:46:21.390217,2026-09-07 04:46:21.390217,OPEN
INV2A73614D,MERCH003,4644.96,INR,2026-08-11 22:37:21.390227,2026-08-26 22:37:21.390227,OPEN
INV801D1DC6,MERCH005,12455.54,INR,2026-08-15 11:26:21.390237,2026-08-30 11:26:21.390237,DISPUTED
INV80DF1557,MERCH020,686.66,INR,2026-08-04 18:27:21.390252,2026-08-19 18:27:21.390252,DISPUTED
INVBAE5E931,MERCH015,10972.83,INR,2026-08-06 00:22:21.390264,2026-08-21 00:22:21.390264,OPEN
INVFEC430B0,MERCH020,553.51,INR,2026-07-24 14:35:21.390281,2026-08-08 14:35:21.390281,PAID
INV6CE63D5F,MERCH009,6308.25,INR,2026-08-18 20:37:21.390293,2026-09-02 20:37:21.390293,OPEN
INV514036A2,MERCH014,3132.25,INR,2026-08-09 15:03:21.390305,2026-08-24 15:03:21.390305,PAID
INV69E6095F,MERCH002,886.2,INR,2026-08-01 23:37:21.390321,2026-08-16 23:37:21.390321,PAID
INV2E2568E7,MERCH019,15093.16,INR,2026-08-03 07:14:21.390331,2026-08-18 07:14:21.390331,PAID
INVE6D5976F,MERCH005,13812.38,INR,2026-08-22 12:31:21.390342,2026-09-06 12:31:21.390342,PAID
INV81A418D5,MERCH015,8406.79,INR,2026-08-20 22:57:21.390352,2026-09-04 22:57:21.390352,DISPUTED
INVBE459465,MERCH009,5459.52,INR,2026-08-21 18:39:21.390362,2026-09-05 18:39:21.390362,PAID
INVC4F1711B,MERCH020,593.92,INR,2026-08-16 13:36:21.390373,2026-08-31 13:36:21.390373,OPEN
INV3B8A7CD7,MERCH009,5122.8,INR,2026-08-18 22:08:21.390390,2026-09-02 22:08:21.390390,PAID
INVD35A0E4C,MERCH006,9102.04,INR,2026-08-06 00:01:21.390402,2026-08-21 00:01:21.390402,OPEN
INVA562FC5B,MERCH016,7746.44,INR,2026-08-03 09:47:21.390416,2026-08-18 09:47:21.390416,PAID
INV7C6FEAAB,MERCH014,3756.25,INR,2026-08-01 22:23:21.390430,2026-08-16 22:23:21.390430,OPEN
INVCCD2F30F,MERCH015,10889.27,INR,2026-08-21 00:46:21.390440,2026-09-05 00:46:21.390440,OPEN
INVE52773CA,MERCH018,9588.12,INR,2026-08-10 00:38:21.390455,2026-08-25 00:38:21.390455,PAID
INV96F67A74,MERCH020,599.29,INR,2026-07-31 12:28:21.390466,2026-08-15 12:28:21.390466,PAID
INVBDF54DFB,MERCH010,736.3,INR,2026-08-09 15:10:21.390481,2026-08-24 15:10:21.390481,OPEN
INV79A52D87,MERCH020,636.98,INR,2026-08-14 20:41:21.390493,2026-08-29 20:41:21.390493,DISPUTED
INVAE0B3A5E,MERCH003,3479.44,INR,2026-08-17 10:12:21.390503,2026-09-01 10:12:21.390503,PAID
INV8E9EAA95,MERCH016,9356.32,INR,2026-08-02 05:15:21.390513,2026-08-17 05:15:21.390513,DISPUTED
INV6ADC0BA5,MERCH008,1670.52,INR,2026-08-09 20:32:21.390523,2026-08-24 20:32:21.390523,PAID
INV1ABE0914,MERCH020,411.17,INR,2026-07-28 11:24:21.390533,2026-08-12 11:24:21.390533,PAID
INVAD26F75B,MERCH017,3637.37,INR,2026-08-16 13:23:21.390545,2026-08-31 13:23:21.390545,DISPUTED
INV9B5689AF,MERCH005,9356.76,INR,2026-08-13 19:53:21.390562,2026-08-28 19:53:21.390562,DISPUTED
INV8201DA29,MERCH015,10487.93,INR,2026-07-26 02:46:21.390573,2026-08-10 02:46:21.390573,PAID
INVFAAA4300,MERCH019,9556.75,INR,2026-08-11 12:21:21.390587,2026-08-26 12:21:21.390587,DISPUTED
INV56627833,MERCH013,1060.05,INR,2026-08-02 17:32:21.390597,2026-08-17 17:32:21.390597,OPEN
INV410F9501,MERCH005,8939.34,INR,2026-07-28 09:46:21.390613,2026-08-12 09:46:21.390613,OPEN
INVE7EAC37B,MERCH017,3685.73,INR,2026-07-25 23:41:21.390624,2026-08-09 23:41:21.390624,DISPUTED
INV7906A3AC,MERCH005,13786.18,INR,2026-08-16 03:02:21.390637,2026-08-31 03:02:21.390637,OPEN
INV267F0611,MERCH011,4105.27,INR,2026-07-27 15:47:21.390648,2026-08-11 15:47:21.390648,DISPUTED
INV4D180C43,MERCH011,2865.85,INR,2026-08-08 20:39:21.390664,2026-08-23 20:39:21.390664,OPEN
INV97B16D54,MERCH008,1365.92,INR,2026-08-03 15:43:21.390676,2026-08-18 15:43:21.390676,PAID
INV5AD46123,MERCH003,4207.45,INR,2026-08-03 14:46:21.390712,2026-08-18 14:46:21.390712,DISPUTED
INVDECF9463,MERCH006,10595.99,INR,2026-08-02 03:44:21.390740,2026-08-17 03:44:21.390740,OPEN
INV6289C8CA,MERCH011,3801.41,INR,2026-08-13 00:32:21.390758,2026-08-28 00:32:21.390758,DISPUTED
INVCD0862D1,MERCH019,10770.94,INR,2026-08-03 08:31:21.390775,2026-08-18 08:31:21.390775,OPEN
INV7C8B0B4A,MERCH020,679.55,INR,2026-08-16 21:43:21.390791,2026-08-31 21:43:21.390791,PAID
INV43DFD839,MERCH008,1494.24,INR,2026-08-09 17:25:21.390806,2026-08-24 17:25:21.390806,PAID
INV96D91862,MERCH001,11091.85,INR,2026-08-14 16:07:21.390822,2026-08-29 16:07:21.390822,OPEN
INVA3798370,MERCH015,8935.17,INR,2026-07-25 02:04:21.390837,2026-08-09 02:04:21.390837,DISPUTED
INV73C427B8,MERCH009,5806.66,INR,2026-08-11 22:35:21.390858,2026-08-26 22:35:21.390858,DISPUTED
INV494A7E51,MERCH019,12653.82,INR,2026-08-12 19:23:21.390874,2026-08-27 19:23:21.390874,OPEN
INV79560C61,MERCH013,858.5,INR,2026-08-02 14:38:21.390886,2026-08-17 14:38:21.390886,DISPUTED
INVA88D3D01,MERCH010,1110.55,INR,2026-07-31 06:03:21.390896,2026-08-15 06:03:21.390896,PAID
INV21914A58,MERCH007,11237.11,INR,2026-07-31 15:58:21.390907,2026-08-15 15:58:21.390907,OPEN
INV910C4521,MERCH002,728.55,INR,2026-08-14 23:39:21.390917,2026-08-29 23:39:21.390917,PAID
INVAFA5B114,MERCH005,12362.25,INR,2026-08-01 00:30:21.390927,2026-08-16 00:30:21.390927,PAID
INVD27BC839,MERCH018,9653.1,INR,2026-07-27 02:08:21.390942,2026-08-11 02:08:21.390942,PAID
INV651BE071,MERCH006,10185.77,INR,2026-08-09 03:54:21.390961,2026-08-24 03:54:21.390961,OPEN
INV03B534DD,MERCH015,12698.38,INR,2026-07-25 11:32:21.390973,2026-08-09 11:32:21.390973,DISPUTED
INV4B9704B0,MERCH018,7448.91,INR,2026-08-24 05:07:21.390986,2026-09-08 05:07:21.390986,DISPUTED
INV60A434A5,MERCH012,9378.59,INR,2026-08-02 13:58:21.390997,2026-08-17 13:58:21.390997,DISPUTED
INVA3A75401,MERCH012,8493.59,INR,2026-08-23 17:45:21.391010,2026-09-07 17:45:21.391010,PAID
INV04078316,MERCH020,635.18,INR,2026-08-16 17:37:21.391020,2026-08-31 17:37:21.391020,PAID
INVCCBD9D9F,MERCH014,3498.03,INR,2026-08-23 04:10:21.391031,2026-09-07 04:10:21.391031,OPEN
INV79417B98,MERCH008,1814.45,INR,2026-07-26 20:33:21.391041,2026-08-10 20:33:21.391041,DISPUTED
INVAC2DF35A,MERCH012,6900.21,INR,2026-07-24 20:15:21.391056,2026-08-08 20:15:21.391056,PAID
INV89E4A406,MERCH014,2648.71,INR,2026-08-04 09:48:21.391068,2026-08-19 09:48:21.391068,DISPUTED
INVB78C80D7,MERCH009,7552.88,INR,2026-08-09 23:26:21.391078,2026-08-24 23:26:21.391078,OPEN
INV432C8924,MERCH012,8058.25,INR,2026-08-06 17:19:21.391097,2026-08-21 17:19:21.391097,DISPUTED
INV9BA8714E,MERCH009,6804.97,INR,2026-07-27 23:36:21.391110,2026-08-11 23:36:21.391110,OPEN
INVDCF00916,MERCH002,924.04,INR,2026-07-30 03:26:21.391120,2026-08-14 03:26:21.391120,PAID
INVB8FA84C7,MERCH003,4899.31,INR,2026-08-06 06:49:21.391130,2026-08-21 06:49:21.391130,PAID
INVB6CEFAAC,MERCH005,9309.82,INR,2026-07-29 18:41:21.391140,2026-08-13 18:41:21.391140,PAID
INV94288057,MERCH005,8272.64,INR,2026-08-20 15:46:21.391150,2026-09-04 15:46:21.391150,PAID
INVA14C60D4,MERCH001,9115.76,INR,2026-08-13 06:04:21.391160,2026-08-28 06:04:21.391160,OPEN
INV0ED23E85,MERCH006,10234.5,INR,2026-08-10 21:34:21.391170,2026-08-25 21:34:21.391170,DISPUTED
INV845D5655,MERCH015,10694.72,INR,2026-07-31 02:09:21.391180,2026-08-15 02:09:21.391180,OPEN
INV6C4A2390,MERCH015,6334.64,INR,2026-08-22 13:51:21.391191,2026-09-06 13:51:21.391191,PAID
INV86A69561,MERCH015,9836.75,INR,2026-08-04 13:38:21.391200,2026-08-19 13:38:21.391200,DISPUTED
INVD69AE5F7,MERCH014,3152.91,INR,2026-07-25 23:37:21.391213,2026-08-09 23:37:21.391213,PAID
INVEAF19853,MERCH020,498.98,INR,2026-08-20 11:33:21.391223,2026-09-04 11:33:21.391223,PAID
INV8C706EAE,MERCH013,1047.89,INR,2026-08-09 21:03:21.391235,2026-08-24 21:03:21.391235,OPEN
INVCB700830,MERCH004,3713.29,INR,2026-07-27 17:00:21.391245,2026-08-11 17:00:21.391245,PAID
INVEDA9A424,MERCH014,3034.42,INR,2026-08-13 23:16:21.391256,2026-08-28 23:16:21.391256,OPEN
INV720A2F7C,MERCH011,3789.1,INR,2026-08-11 02:59:21.391266,2026-08-26 02:59:21.391266,PAID
INV2AD8374D,MERCH005,10443.67,INR,2026-08-22 11:36:21.391276,2026-09-06 11:36:21.391276,OPEN
INV04BAAA48,MERCH012,6599.72,INR,2026-07-30 09:06:21.391286,2026-08-14 09:06:21.391286,PAID
INVA583B929,MERCH004,2770.96,INR,2026-07-24 23:46:21.391296,2026-08-08 23:46:21.391296,PAID
INV7FACC4D8,MERCH020,690.59,INR,2026-08-15 02:35:21.391308,2026-08-30 02:35:21.391308,PAID
INV5B2ED83E,MERCH005,10517.99,INR,2026-08-21 01:47:21.391318,2026-09-05 01:47:21.391318,PAID
INVD9E4C45A,MERCH004,3403.78,INR,2026-07-31 05:05:21.391335,2026-08-15 05:05:21.391335,DISPUTED
INV313D2194,MERCH018,11518.4,INR,2026-08-04 16:00:21.391346,2026-08-19 16:00:21.391346,OPEN
INV82520B6E,MERCH020,568.01,INR,2026-07-25 15:48:21.391356,2026-08-09 15:48:21.391356,OPEN
INVB2590806,MERCH006,9930.07,INR,2026-07-26 03:19:21.391368,2026-08-10 03:19:21.391368,PAID
INVFC54C609,MERCH005,13991.4,INR,2026-08-05 16:16:21.391384,2026-08-20 16:16:21.391384,PAID
INV28EB54E2,MERCH001,11282.75,INR,2026-08-12 00:12:21.391397,2026-08-27 00:12:21.391397,PAID
INV0B5711F9,MERCH012,8614.7,INR,2026-08-14 14:21:21.391407,2026-08-29 14:21:21.391407,OPEN
INV3A8A6A3E,MERCH002,983.89,INR,2026-08-22 16:36:21.391420,2026-09-06 16:36:21.391420,DISPUTED
INV72B39E7B,MERCH014,4088.26,INR,2026-08-08 18:13:21.391432,2026-08-23 18:13:21.391432,PAID
INVD5C82554,MERCH007,13467.37,INR,2026-08-11 10:23:21.391442,2026-08-26 10:23:21.391442,DISPUTED
INV7E9E5EF2,MERCH017,3423.95,INR,2026-08-03 04:39:21.391453,2026-08-18 04:39:21.391453,DISPUTED
INVA034E637,MERCH020,650.98,INR,2026-07-25 06:52:21.391469,2026-08-09 06:52:21.391469,PAID
INVBB143554,MERCH010,963.97,INR,2026-08-14 10:41:21.391483,2026-08-29 10:41:21.391483,DISPUTED
INV9031A4B2,MERCH006,11625.16,INR,2026-08-16 21:06:21.391494,2026-08-31 21:06:21.391494,OPEN
INV0CACA53E,MERCH013,1003.51,INR,2026-07-27 14:39:21.391504,2026-08-11 14:39:21.391504,OPEN
INV1F8F994C,MERCH015,12530.22,INR,2026-08-06 00:05:21.391514,2026-08-21 00:05:21.391514,DISPUTED
INV7AF4A488,MERCH010,799.77,INR,2026-08-21 01:40:21.391524,2026-09-05 01:40:21.391524,PAID
INVEE3ECED5,MERCH020,462.15,INR,2026-08-13 11:14:21.391535,2026-08-28 11:14:21.391535,PAID
INV3B794B74,MERCH014,3575.74,INR,2026-08-06 01:08:21.391546,2026-08-21 01:08:21.391546,DISPUTED
INV41862065,MERCH010,929.45,INR,2026-07-31 08:37:21.391557,2026-08-15 08:37:21.391557,OPEN
INV9E0AB075,MERCH017,3304.09,INR,2026-08-08 06:44:21.391567,2026-08-23 06:44:21.391567,PAID
INVFF744CC3,MERCH005,11260.14,INR,2026-08-18 08:03:21.391577,2026-09-02 08:03:21.391577,OPEN
INV1AE72A56,MERCH006,11179.38,INR,2026-07-24 17:10:21.391590,2026-08-08 17:10:21.391590,DISPUTED
INV8F53D621,MERCH019,8881.3,INR,2026-08-13 17:21:21.391609,2026-08-28 17:21:21.391609,DISPUTED
INVD46A7A9E,MERCH003,2942.08,INR,2026-08-08 23:01:21.391619,2026-08-23 23:01:21.391619,PAID
INVB231B566,MERCH019,14286.19,INR,2026-08-14 23:13:21.391630,2026-08-29 23:13:21.391630,OPEN
INVA1FC05B4,MERCH012,8310.58,INR,2026-07-29 04:37:21.391639,2026-08-13 04:37:21.391639,DISPUTED
INV1D186C38,MERCH015,6687.44,INR,2026-08-01 12:13:21.391655,2026-08-16 12:13:21.391655,PAID
INV06D97486,MERCH011,3009.06,INR,2026-08-04 22:09:21.391669,2026-08-19 22:09:21.391669,OPEN
INVBE17BD3E,MERCH015,12460.8,INR,2026-08-13 15:36:21.391706,2026-08-28 15:36:21.391706,PAID
INVE4379D00,MERCH002,1030.46,INR,2026-08-16 15:13:21.391738,2026-08-31 15:13:21.391738,PAID
INV40937059,MERCH012,7159.77,INR,2026-08-11 02:58:21.391760,2026-08-26 02:58:21.391760,OPEN
INV4837968A,MERCH011,3991.98,INR,2026-08-22 03:35:21.391779,2026-09-06 03:35:21.391779,DISPUTED
INVA21EB3EA,MERCH010,928.64,INR,2026-07-24 17:46:21.391802,2026-08-08 17:46:21.391802,PAID
INV8791B776,MERCH003,5802.74,INR,2026-08-05 16:32:21.391818,2026-08-20 16:32:21.391818,PAID
INVD6D4823E,MERCH013,1028.49,INR,2026-08-22 04:06:21.391834,2026-09-06 04:06:21.391834,PAID
INVB386AA28,MERCH005,13087.11,INR,2026-08-02 14:48:21.391849,2026-08-17 14:48:21.391849,OPEN
INV0C17B83D,MERCH014,3285.94,INR,2026-08-15 08:28:21.391880,2026-08-30 08:28:21.391880,DISPUTED
INVEE48A171,MERCH007,13415.99,INR,2026-08-17 09:32:21.391897,2026-09-01 09:32:21.391897,PAID
INV2AC23F51,MERCH004,3039.11,INR,2026-07-31 21:39:21.391913,2026-08-15 21:39:21.391913,PAID
INVB2781194,MERCH020,588.87,INR,2026-08-12 09:31:21.391925,2026-08-27 09:31:21.391925,PAID
INV7549DB3D,MERCH015,11287.12,INR,2026-08-01 06:13:21.391941,2026-08-16 06:13:21.391941,PAID
INVD22EECF1,MERCH015,10307.42,INR,2026-08-16 20:26:21.391951,2026-08-31 20:26:21.391951,DISPUTED
INVF5270EA4,MERCH007,10139.69,INR,2026-08-09 22:52:21.391962,2026-08-24 22:52:21.391962,DISPUTED
INV40913F1C,MERCH017,4688.86,INR,2026-08-08 00:31:21.391972,2026-08-23 00:31:21.391972,PAID
INVCBE7B0B6,MERCH009,7693.57,INR,2026-08-12 19:42:21.391982,2026-08-27 19:42:21.391982,OPEN
INVEFFC2069,MERCH010,983.59,INR,2026-08-22 08:24:21.391992,2026-09-06 08:24:21.391992,PAID
INVEEFEE7F3,MERCH014,4318.05,INR,2026-07-28 22:45:21.392009,2026-08-12 22:45:21.392009,OPEN
INVE128A5C1,MERCH014,3990.67,INR,2026-08-23 01:09:21.392021,2026-09-07 01:09:21.392021,PAID
INVE4214CFD,MERCH013,1013.35,INR,2026-08-24 02:42:21.392032,2026-09-08 02:42:21.392032,PAID
INVEA1E95D9,MERCH005,11122.93,INR,2026-08-20 12:23:21.392042,2026-09-04 12:23:21.392042,PAID
INVF97D8557,MERCH016,8279.02,INR,2026-08-22 13:25:21.392052,2026-09-06 13:25:21.392052,PAID
INVED3DC48B,MERCH018,9088.53,INR,2026-07-24 14:03:21.392063,2026-08-08 14:03:21.392063,DISPUTED
INV5290C4DF,MERCH004,3804.15,INR,2026-08-21 12:26:21.392072,2026-09-05 12:26:21.392072,DISPUTED
INV97FD678F,MERCH003,3998.7,INR,2026-08-20 22:03:21.392088,2026-09-04 22:03:21.392088,OPEN
INVFACAE986,MERCH017,2909.85,INR,2026-08-15 00:41:21.392102,2026-08-30 00:41:21.392102,PAID
INV73F3A061,MERCH008,1569.59,INR,2026-08-06 00:30:21.392113,2026-08-21 00:30:21.392113,PAID
INV234104BD,MERCH003,5295.76,INR,2026-07-29 21:06:21.392125,2026-08-13 21:06:21.392125,DISPUTED
INVB832DA51,MERCH016,7945.79,INR,2026-08-22 17:17:21.392136,2026-09-06 17:17:21.392136,PAID
INV74323FBC,MERCH001,9430.0,INR,2026-08-16 13:59:21.392152,2026-08-31 13:59:21.392152,PAID
INV39A43A15,MERCH005,11669.31,INR,2026-08-23 02:07:21.392166,2026-09-07 02:07:21.392166,PAID
INV6C56C194,MERCH015,11609.6,INR,2026-08-19 09:37:21.392176,2026-09-03 09:37:21.392176,OPEN
INV5BE00087,MERCH010,912.88,INR,2026-08-18 11:51:21.392186,2026-09-02 11:51:21.392186,OPEN
INV71085151,MERCH011,4275.68,INR,2026-07-28 20:11:21.392201,2026-08-12 20:11:21.392201,OPEN
INVCE869957,MERCH007,12450.4,INR,2026-08-15 01:46:21.392212,2026-08-30 01:46:21.392212,PAID
INV3C141FC9,MERCH009,7292.54,INR,2026-07-27 00:54:21.392228,2026-08-11 00:54:21.392228,DISPUTED
INV83B162C7,MERCH011,4041.96,INR,2026-08-18 21:57:21.392240,2026-09-02 21:57:21.392240,PAID
INVCCDB0835,MERCH017,3672.24,INR,2026-08-11 11:14:21.392252,2026-08-26 11:14:21.392252,PAID
INVC7E1FE32,MERCH018,9604.62,INR,2026-08-15 03:35:21.392262,2026-08-30 03:35:21.392262,PAID
INV4D0FAD2A,MERCH010,866.04,INR,2026-08-11 07:57:21.392272,2026-08-26 07:57:21.392272,PAID
INVA066D410,MERCH015,11819.49,INR,2026-08-22 13:46:21.392287,2026-09-06 13:46:21.392287,DISPUTED
INVB36572A9,MERCH009,5492.92,INR,2026-08-23 10:59:21.392300,2026-09-07 10:59:21.392300,PAID
INV25BB0FC5,MERCH017,2942.0,INR,2026-07-29 13:58:21.392310,2026-08-13 13:58:21.392310,OPEN
INVC92E5EF7,MERCH005,12645.68,INR,2026-08-10 12:33:21.392321,2026-08-25 12:33:21.392321,PAID
INV92E8002E,MERCH012,6388.8,INR,2026-08-13 01:05:21.392334,2026-08-28 01:05:21.392334,PAID
INV1AA3F6BD,MERCH015,11285.55,INR,2026-07-31 11:05:21.392346,2026-08-15 11:05:21.392346,PAID
INVD176360B,MERCH013,844.31,INR,2026-08-13 17:24:21.392358,2026-08-28 17:24:21.392358,OPEN
INV0094839E,MERCH001,9616.78,INR,2026-08-11 20:34:21.392368,2026-08-26 20:34:21.392368,PAID
INV3D2BEE71,MERCH015,8180.25,INR,2026-08-17 18:23:21.392379,2026-09-01 18:23:21.392379,PAID
INVCDF6518E,MERCH004,3881.2,INR,2026-08-18 15:13:21.392390,2026-09-02 15:13:21.392390,PAID
INV6ECD038B,MERCH012,8174.53,INR,2026-08-02 11:06:21.392401,2026-08-17 11:06:21.392401,PAID
INV14B5B86E,MERCH010,1063.21,INR,2026-07-25 15:01:21.392411,2026-08-09 15:01:21.392411,PAID
INVF29AF336,MERCH017,2993.24,INR,2026-08-17 10:29:21.392421,2026-09-01 10:29:21.392421,PAID
INVC353A61E,MERCH016,9981.4,INR,2026-08-12 22:50:21.392431,2026-08-27 22:50:21.392431,PAID
INVC12681BD,MERCH020,612.85,INR,2026-07-27 11:37:21.392442,2026-08-11 11:37:21.392442,DISPUTED
INVF170B3EE,MERCH016,6271.75,INR,2026-07-28 19:37:21.392452,2026-08-12 19:37:21.392452,PAID
INVA4C77807,MERCH003,4302.62,INR,2026-08-09 22:58:21.392464,2026-08-24 22:58:21.392464,PAID
INVC9312018,MERCH005,13281.01,INR,2026-08-03 19:30:21.392476,2026-08-18 19:30:21.392476,DISPUTED
INVA1AD46CC,MERCH017,3026.67,INR,2026-07-26 11:48:21.392488,2026-08-10 11:48:21.392488,PAID
INV5910FCCA,MERCH010,995.11,INR,2026-08-02 06:19:21.392498,2026-08-17 06:19:21.392498,PAID
INVFA917E2C,MERCH003,4998.75,INR,2026-08-16 07:01:21.392508,2026-08-31 07:01:21.392508,PAID
INV150E7829,MERCH005,9542.09,INR,2026-08-21 21:00:21.392518,2026-09-05 21:00:21.392518,PAID
INV1273BD5E,MERCH006,8801.87,INR,2026-08-02 17:55:21.392528,2026-08-17 17:55:21.392528,PAID
INV578D5935,MERCH019,15779.7,INR,2026-08-22 12:00:21.392538,2026-09-06 12:00:21.392538,PAID
INVBE1934CE,MERCH007,14466.66,INR,2026-07-30 19:15:21.392548,2026-08-14 19:15:21.392548,OPEN
INV0F7C37FA,MERCH016,9614.86,INR,2026-08-04 04:11:21.392558,2026-08-19 04:11:21.392558,DISPUTED
INVA857A6A6,MERCH010,819.28,INR,2026-08-10 10:57:21.392575,2026-08-25 10:57:21.392575,PAID
INV932A51D6,MERCH015,8488.22,INR,2026-08-13 18:32:21.392589,2026-08-28 18:32:21.392589,PAID
INV322750CE,MERCH012,8491.18,INR,2026-08-12 08:53:21.392599,2026-08-27 08:53:21.392599,OPEN
INVD562A5A1,MERCH011,3684.86,INR,2026-08-10 06:32:21.392609,2026-08-25 06:32:21.392609,OPEN
INVFBE63399,MERCH010,1003.44,INR,2026-07-25 00:46:21.392624,2026-08-09 00:46:21.392624,DISPUTED
INV0A95AAD2,MERCH008,2314.63,INR,2026-07-29 02:42:21.392635,2026-08-13 02:42:21.392635,PAID
INV1BEED2DD,MERCH007,12426.74,INR,2026-07-31 08:10:21.392645,2026-08-15 08:10:21.392645,DISPUTED
INVF66F8E05,MERCH016,9473.32,INR,2026-08-22 01:09:21.392660,2026-09-06 01:09:21.392660,PAID
INV3644CD88,MERCH007,11808.31,INR,2026-08-06 02:38:21.392675,2026-08-21 02:38:21.392675,PAID
INVD122EC22,MERCH016,6418.21,INR,2026-08-02 22:23:21.392710,2026-08-17 22:23:21.392710,OPEN
INV9D2A24A9,MERCH004,3116.44,INR,2026-08-11 08:45:21.392742,2026-08-26 08:45:21.392742,PAID
INV30B1B785,MERCH013,795.38,INR,2026-08-05 20:29:21.392762,2026-08-20 20:29:21.392762,PAID
INV24AA0E4E,MERCH003,4996.15,INR,2026-08-11 21:13:21.392780,2026-08-26 21:13:21.392780,PAID
INV862EA239,MERCH020,575.25,INR,2026-08-21 01:18:21.392796,2026-09-05 01:18:21.392796,PAID
INVBC2C90FB,MERCH005,10414.83,INR,2026-08-17 18:09:21.392813,2026-09-01 18:09:21.392813,OPEN
INV8C22FE87,MERCH002,1061.19,INR,2026-07-29 22:08:21.392830,2026-08-13 22:08:21.392830,PAID
INV9B825539,MERCH020,628.35,INR,2026-07-26 21:33:21.392889,2026-08-10 21:33:21.392889,PAID
INVAD0A973F,MERCH006,8636.98,INR,2026-07-29 04:04:21.392904,2026-08-13 04:04:21.392904,DISPUTED
INVDDB16B5E,MERCH019,13819.98,INR,2026-08-14 21:49:21.392916,2026-08-29 21:49:21.392916,PAID
INV82FABCC5,MERCH011,2961.33,INR,2026-08-06 03:51:21.392929,2026-08-21 03:51:21.392929,DISPUTED
INV64429998,MERCH009,4154.96,INR,2026-07-24 16:51:21.392940,2026-08-08 16:51:21.392940,PAID
INV5D6FD5B5,MERCH002,794.18,INR,2026-08-03 14:02:21.392951,2026-08-18 14:02:21.392951,PAID
INV4673B35C,MERCH008,1679.7,INR,2026-08-22 18:57:21.392962,2026-09-06 18:57:21.392962,PAID
INVF33760A0,MERCH001,8348.32,INR,2026-08-10 15:28:21.392977,2026-08-25 15:28:21.392977,DISPUTED
INV57339CFC,MERCH002,911.46,INR,2026-08-02 09:08:21.392987,2026-08-17 09:08:21.392987,PAID
INVB30BB4B7,MERCH016,7322.02,INR,2026-08-18 22:43:21.392998,2026-09-02 22:43:21.392998,PAID
INV8726A8B2,MERCH018,8856.7,INR,2026-08-12 15:52:21.393008,2026-08-27 15:52:21.393008,DISPUTED
INVAEA5F066,MERCH007,15008.63,INR,2026-08-15 06:22:21.393019,2026-08-30 06:22:21.393019,PAID
INV1C5DCC29,MERCH016,8131.67,INR,2026-08-13 22:19:21.393029,2026-08-28 22:19:21.393029,PAID
INVE1103E12,MERCH010,1083.5,INR,2026-08-12 00:49:21.393041,2026-08-27 00:49:21.393041,PAID
INV2004C387,MERCH010,1077.66,INR,2026-08-23 03:56:21.393051,2026-09-07 03:56:21.393051,PAID
INVF4180699,MERCH015,8548.02,INR,2026-08-18 06:49:21.393061,2026-09-02 06:49:21.393061,PAID
INV909AEC2B,MERCH018,7175.46,INR,2026-08-02 05:33:21.393071,2026-08-17 05:33:21.393071,PAID
INV32B719C1,MERCH008,2304.94,INR,2026-08-16 17:27:21.393088,2026-08-31 17:27:21.393088,OPEN
INV8AA6FB64,MERCH014,3728.57,INR,2026-08-13 15:11:21.393101,2026-08-28 15:11:21.393101,PAID
INVE8FD7312,MERCH001,13719.05,INR,2026-08-19 00:00:21.393111,2026-09-03 00:00:21.393111,DISPUTED
INV652EC0A1,MERCH007,12206.09,INR,2026-07-31 04:21:21.393121,2026-08-15 04:21:21.393121,OPEN
INV72B4F7B2,MERCH003,4206.01,INR,2026-07-31 13:47:21.393132,2026-08-15 13:47:21.393132,PAID
INVACCABA2B,MERCH014,3081.58,INR,2026-07-27 07:42:21.393142,2026-08-11 07:42:21.393142,DISPUTED
INV47A60B40,MERCH016,9217.97,INR,2026-07-28 03:45:21.393157,2026-08-12 03:45:21.393157,OPEN
INVF97B81FC,MERCH010,1146.16,INR,2026-08-05 18:35:21.393167,2026-08-20 18:35:21.393167,PAID
INVFF3E9884,MERCH015,11782.53,INR,2026-08-09 08:47:21.393178,2026-08-24 08:47:21.393178,DISPUTED
INVCBE4EF2D,MERCH009,6532.81,INR,2026-08-18 10:20:21.393187,2026-09-02 10:20:21.393187,DISPUTED
INV0C2A4BA5,MERCH009,6585.09,INR,2026-08-14 04:05:21.393198,2026-08-29 04:05:21.393198,PAID
INVB5121482,MERCH020,579.51,INR,2026-07-27 16:44:21.393208,2026-08-11 16:44:21.393208,DISPUTED
INVA228AB87,MERCH017,3432.46,INR,2026-08-21 08:33:21.393219,2026-09-05 08:33:21.393219,PAID
INV4B964847,MERCH008,1996.51,INR,2026-08-24 05:17:21.393229,2026-09-08 05:17:21.393229,DISPUTED
INV1DC69983,MERCH009,7424.69,INR,2026-07-31 19:41:21.393240,2026-08-15 19:41:21.393240,PAID
INVB8D8F333,MERCH008,1696.84,INR,2026-08-22 16:34:21.393250,2026-09-06 16:34:21.393250,PAID
INVDC860F1D,MERCH006,8797.66,INR,2026-07-26 14:52:21.393262,2026-08-10 14:52:21.393262,OPEN
INVAB14D1D5,MERCH010,1024.56,INR,2026-08-12 18:27:21.393272,2026-08-27 18:27:21.393272,PAID
INV167C6659,MERCH016,9198.52,INR,2026-08-10 15:06:21.393289,2026-08-25 15:06:21.393289,PAID
INV617F564A,MERCH008,2000.4,INR,2026-08-07 23:08:21.393305,2026-08-22 23:08:21.393305,OPEN
INV7B566039,MERCH019,13987.59,INR,2026-08-05 20:32:21.393318,2026-08-20 20:32:21.393318,PAID
INV824F37B8,MERCH017,4146.43,INR,2026-08-20 16:28:21.393330,2026-09-04 16:28:21.393330,DISPUTED
INVACD8F7A8,MERCH003,4880.21,INR,2026-08-10 09:09:21.393342,2026-08-25 09:09:21.393342,DISPUTED
INVFED58F5F,MERCH019,11448.17,INR,2026-08-06 22:58:21.393353,2026-08-21 22:58:21.393353,OPEN
INV86D90FF6,MERCH013,884.58,INR,2026-08-06 11:39:21.393364,2026-08-21 11:39:21.393364,PAID
INVA25842B2,MERCH003,4522.79,INR,2026-07-26 10:42:21.393377,2026-08-10 10:42:21.393377,OPEN
INV7D14E04B,MERCH010,797.96,INR,2026-08-13 01:13:21.393424,2026-08-28 01:13:21.393424,DISPUTED
INVF1E89B76,MERCH003,4904.19,INR,2026-08-04 02:34:21.393439,2026-08-19 02:34:21.393439,DISPUTED
INV7BE5D1BF,MERCH017,4410.92,INR,2026-07-31 13:22:21.393450,2026-08-15 13:22:21.393450,DISPUTED
INV7B1478F9,MERCH018,10845.0,INR,2026-07-29 06:26:21.393461,2026-08-13 06:26:21.393461,PAID
INV4B50DFDE,MERCH005,10756.53,INR,2026-08-22 16:15:21.393472,2026-09-06 16:15:21.393472,OPEN
INVE2BAB38D,MERCH008,2169.73,INR,2026-08-22 10:03:21.393482,2026-09-06 10:03:21.393482,DISPUTED
INV61D0797D,MERCH020,537.51,INR,2026-08-01 12:16:21.393493,2026-08-16 12:16:21.393493,PAID
INV4D427323,MERCH018,7425.54,INR,2026-07-31 12:33:21.393504,2026-08-15 12:33:21.393504,PAID
INVA8FE3D67,MERCH008,1875.3,INR,2026-08-05 17:52:21.393514,2026-08-20 17:52:21.393514,PAID
INV939AF933,MERCH010,793.64,INR,2026-08-02 21:27:21.393527,2026-08-17 21:27:21.393527,PAID
INV05DD052F,MERCH009,8113.05,INR,2026-08-03 16:14:21.393539,2026-08-18 16:14:21.393539,DISPUTED
INV4892C02A,MERCH002,941.18,INR,2026-07-24 16:59:21.393550,2026-08-08 16:59:21.393550,PAID
INV68A941D1,MERCH014,3143.63,INR,2026-07-30 20:11:21.393564,2026-08-14 20:11:21.393564,PAID
INV6037C461,MERCH010,974.96,INR,2026-07-29 22:43:21.393575,2026-08-13 22:43:21.393575,DISPUTED
INV14EA8D43,MERCH014,3213.24,INR,2026-08-16 07:20:21.393587,2026-08-31 07:20:21.393587,DISPUTED
INV5230B68A,MERCH012,7679.7,INR,2026-08-06 13:48:21.393601,2026-08-21 13:48:21.393601,OPEN
INV5B7EBF16,MERCH009,5971.45,INR,2026-07-28 11:29:21.393618,2026-08-12 11:29:21.393618,PAID
INVB516FF6C,MERCH016,9200.25,INR,2026-07-28 03:22:21.393634,2026-08-12 03:22:21.393634,PAID
INV1AB6E3AB,MERCH007,14088.9,INR,2026-07-26 05:57:21.393649,2026-08-10 05:57:21.393649,PAID
INVFD081CB1,MERCH013,874.34,INR,2026-08-07 02:52:21.393662,2026-08-22 02:52:21.393662,DISPUTED
INV36664D3F,MERCH015,9007.87,INR,2026-08-12 20:45:21.393674,2026-08-27 20:45:21.393674,DISPUTED
INVBB470FAF,MERCH004,3662.57,INR,2026-07-31 02:43:21.393704,2026-08-15 02:43:21.393704,PAID
INV2D7A3309,MERCH011,3265.65,INR,2026-08-01 09:40:21.393732,2026-08-16 09:40:21.393732,DISPUTED
INVADED1EC9,MERCH010,993.76,INR,2026-08-18 03:27:21.393749,2026-09-02 03:27:21.393749,PAID
INVD18042FE,MERCH016,6488.84,INR,2026-08-15 21:55:21.393766,2026-08-30 21:55:21.393766,DISPUTED
INVA32533D3,MERCH006,9538.81,INR,2026-08-19 08:55:21.393782,2026-09-03 08:55:21.393782,DISPUTED
INV51619C7C,MERCH006,11429.36,INR,2026-08-08 11:48:21.393806,2026-08-23 11:48:21.393806,OPEN
INV70650BF3,MERCH001,9162.53,INR,2026-08-19 17:27:21.393828,2026-09-03 17:27:21.393828,PAID
INV66249991,MERCH001,9982.25,INR,2026-08-04 16:59:21.393845,2026-08-19 16:59:21.393845,DISPUTED
INV9283E7A9,MERCH016,9310.9,INR,2026-08-23 20:06:21.393864,2026-09-07 20:06:21.393864,OPEN
INV9EEAE3AF,MERCH001,9001.8,INR,2026-08-23 20:49:21.393881,2026-09-07 20:49:21.393881,PAID
INV6FE94303,MERCH004,3681.51,INR,2026-08-08 09:26:21.393900,2026-08-23 09:26:21.393900,PAID
INV3EAA431E,MERCH012,7742.13,INR,2026-07-25 01:12:21.393912,2026-08-09 01:12:21.393912,PAID
INV177076DF,MERCH008,1936.62,INR,2026-08-03 11:00:21.393923,2026-08-18 11:00:21.393923,OPEN
INV2C2EB758,MERCH013,803.31,INR,2026-08-04 12:57:21.393934,2026-08-19 12:57:21.393934,OPEN
INVA6916014,MERCH016,9134.78,INR,2026-08-04 03:05:21.393944,2026-08-19 03:05:21.393944,OPEN
INV393FA417,MERCH008,1845.69,INR,2026-08-16 11:42:21.393955,2026-08-31 11:42:21.393955,PAID
INV010601DF,MERCH018,10811.64,INR,2026-08-19 03:40:21.393965,2026-09-03 03:40:21.393965,PAID
INV8D757073,MERCH013,952.06,INR,2026-08-06 00:58:21.393979,2026-08-21 00:58:21.393979,PAID
INVB0EB68E7,MERCH013,852.52,INR,2026-07-29 14:55:21.393990,2026-08-13 14:55:21.393990,PAID
INVA71F9684,MERCH002,913.91,INR,2026-08-13 17:52:21.394001,2026-08-28 17:52:21.394001,DISPUTED
INV89B5FC4E,MERCH011,3823.9,INR,2026-08-04 04:51:21.394011,2026-08-19 04:51:21.394011,DISPUTED
INV5F13E4EF,MERCH001,9611.42,INR,2026-08-09 19:14:21.394323,2026-08-24 19:14:21.394323,PAID
INV9F4C171C,MERCH009,5251.0,INR,2026-07-30 14:50:21.394342,2026-08-14 14:50:21.394342,PAID
INVE7FEFACD,MERCH012,7429.83,INR,2026-08-15 15:46:21.394360,2026-08-30 15:46:21.394360,DISPUTED
INV03B6EB53,MERCH020,652.61,INR,2026-08-11 19:34:21.394376,2026-08-26 19:34:21.394376,PAID
INVF96AAC55,MERCH010,1040.65,INR,2026-08-03 09:21:21.394393,2026-08-18 09:21:21.394393,OPEN
INV2DB768D8,MERCH006,9638.62,INR,2026-08-12 15:32:21.394407,2026-08-27 15:32:21.394407,PAID
INV764AF2D5,MERCH019,11652.52,INR,2026-08-03 19:57:21.394421,2026-08-18 19:57:21.394421,PAID
INV0A85D8CD,MERCH005,11657.11,INR,2026-08-19 02:48:21.394435,2026-09-03 02:48:21.394435,OPEN
INV74D084E3,MERCH016,9411.48,INR,2026-07-24 20:09:21.394450,2026-08-08 20:09:21.394450,DISPUTED
INV79954BAC,MERCH015,11302.8,INR,2026-08-09 08:36:21.394469,2026-08-24 08:36:21.394469,PAID
INV4FE5ABC3,MERCH002,845.99,INR,2026-08-18 23:05:21.394486,2026-09-02 23:05:21.394486,OPEN
INV915D2CB4,MERCH009,7429.84,INR,2026-07-30 19:49:21.394500,2026-08-14 19:49:21.394500,PAID
INVC8416F44,MERCH014,3892.72,INR,2026-07-31 06:22:21.394516,2026-08-15 06:22:21.394516,PAID
INV3128D6BE,MERCH003,4994.9,INR,2026-08-10 09:52:21.394530,2026-08-25 09:52:21.394530,PAID
INVFDF19BD8,MERCH020,570.18,INR,2026-08-20 06:49:21.394545,2026-09-04 06:49:21.394545,PAID
INVFEF8141D,MERCH018,173798.77,INR,2026-08-07 08:21:21.394560,2026-08-22 08:21:21.394560,PAID
INVE4CA7A92,MERCH019,232622.24,INR,2026-07-27 20:44:21.394573,2026-08-11 20:44:21.394573,PAID
INV81E7C43D,MERCH014,97372.12,INR,2026-08-15 17:33:21.394590,2026-08-30 17:33:21.394590,PAID
INVD4AFCEF7,MERCH005,286970.95,INR,2026-07-29 05:53:21.394604,2026-08-13 05:53:21.394604,DISPUTED
INV350EA8BC,MERCH005,264506.64,INR,2026-08-15 17:15:21.394614,2026-08-30 17:15:21.394614,DISPUTED
INV9E108E45,MERCH003,109973.99,INR,2026-07-27 11:16:21.394624,2026-08-11 11:16:21.394624,PAID
INV3CB4C366,MERCH012,170802.76,INR,2026-08-09 03:04:21.394635,2026-08-24 03:04:21.394635,OPEN
INV05B6F502,MERCH015,243345.79,INR,2026-08-02 01:47:21.394646,2026-08-17 01:47:21.394646,DISPUTED
INV7073C6AC,MERCH007,396674.46,INR,2026-07-29 07:10:21.394656,2026-08-13 07:10:21.394656,PAID
INV50BB86D0,MERCH010,18703.01,INR,2026-08-06 09:05:21.394666,2026-08-21 09:05:21.394666,PAID
INV6B0E929C,MERCH002,13534.33,INR,2026-08-03 23:40:21.394675,2026-08-18 23:40:21.394675,PAID
INV1ED34794,MERCH015,216802.53,INR,2026-07-25 00:29:21.394707,2026-08-09 00:29:21.394707,PAID
INVF7D7EE63,MERCH006,289939.82,INR,2026-07-27 05:36:21.394737,2026-08-11 05:36:21.394737,PAID
INV1850ECA8,MERCH003,92350.98,INR,2026-07-26 17:31:21.394753,2026-08-10 17:31:21.394753,DISPUTED
INVD912C823,MERCH010,24130.86,INR,2026-07-31 06:14:21.394769,2026-08-15 06:14:21.394769,OPEN
INV3284E0E2,MERCH001,177857.61,INR,2026-08-22 09:04:21.394784,2026-09-06 09:04:21.394784,DISPUTED
INVD30CA7A7,MERCH001,147757.1,INR,2026-08-14 09:46:21.394798,2026-08-29 09:46:21.394798,PAID
INV99185715,MERCH016,134950.89,INR,2026-08-12 10:55:21.394814,2026-08-27 10:55:21.394814,OPEN
INV62A62C5F,MERCH011,75289.41,INR,2026-08-15 09:17:21.394830,2026-08-30 09:17:21.394830,PAID
INV366FDDEF,MERCH003,103032.1,INR,2026-08-23 18:00:21.394846,2026-09-07 18:00:21.394846,DISPUTED
INV1FAA4A15,MERCH012,2339.37,INR,2026-08-01 07:01:21.394864,2026-08-16 07:01:21.394864,DISPUTED
INV627456BF,MERCH007,4038.85,INR,2026-07-31 10:04:21.394883,2026-08-15 10:04:21.394883,DISPUTED
INV0CB45FDA,MERCH011,1105.84,INR,2026-07-30 09:26:21.394903,2026-08-14 09:26:21.394903,PAID
INVA3C7E12D,MERCH018,2687.56,INR,2026-08-14 15:40:21.394918,2026-08-29 15:40:21.394918,PAID
INV31FB500E,MERCH013,246.48,INR,2026-08-14 17:38:21.394932,2026-08-29 17:38:21.394932,DISPUTED
INV73DA6DB4,MERCH004,1122.56,INR,2026-08-21 20:45:21.394947,2026-09-05 20:45:21.394947,PAID
INV3F02A6B7,MERCH005,3382.12,INR,2026-08-11 19:15:21.394961,2026-08-26 19:15:21.394961,PAID
INV800E2C3C,MERCH016,2553.41,INR,2026-08-23 19:37:21.394975,2026-09-07 19:37:21.394975,PAID
INVC632736C,MERCH002,249.11,INR,2026-07-26 11:51:21.394992,2026-08-10 11:51:21.394992,PAID
INV4C9475BC,MERCH017,1111.17,INR,2026-08-12 11:01:21.395006,2026-08-27 11:01:21.395006,PAID
