transaction_id,merchant_id,amount,currency,status,payment_method,timestamp,invoice_ref
TXN23BA6AA2A2,MERCH005,10443.67,INR,SUCCESS,WALLET,2026-08-23 11:36:21.391276,INV2AD8374D
TXNBC7CFD2A25,MERCH001,6428.95,INR,SUCCESS,NETBANKING,2026-08-19 13:42:21.389319,INVFB0C7EEC
TXNF10A17C95A,MERCH020,612.85,INR,SUCCESS,NETBANKING,2026-07-28 11:37:21.392442,INVC12681BD
TXN12FD8D0CD9,MERCH020,593.92,INR,SUCCESS,CARD,2026-08-17 13:36:21.390373,INVC4F1711B
TXNF1219E2B18,MERCH008,1569.59,INR,SUCCESS,UPI,2026-08-07 00:30:21.392113,INV73F3A061
TXN51C5582F22,MERCH012,8058.25,INR,SUCCESS,UPI,2026-08-07 17:19:21.391097,INV432C8924
TXNCF690297E8,MERCH007,4038.85,INR,REFUNDED,NETBANKING,2026-08-01 10:05:21.394883,
TXNFCEA00DB87,MERCH006,11154.12,INR,SUCCESS,CARD,2026-08-10 09:37:21.394105,
TXN6711957459,MERCH003,2942.08,INR,SUCCESS,NETBANKING,2026-08-09 23:01:21.391619,INVD46A7A9E
TXN1D1F160DAC,MERCH007,4038.85,INR,SUCCESS,WALLET,2026-08-01 10:04:21.394883,INV627456BF
TXN0DF4720206,MERCH012,8491.18,INR,SUCCESS,NETBANKING,2026-08-13 08:53:21.392599,INV322750CE
TXNEF29C0D660,MERCH018,9653.1,INR,SUCCESS,EMI,2026-07-28 02:08:21.390942,INVD27BC839
TXN4BCD2206A5,MERCH015,9927.43,INR,SUCCESS,UPI,2026-08-10 20:35:21.389035,INVA9E42202
TXN8D9E50A0B0,MERCH019,12652.57,INR,SUCCESS,UPI,2026-08-18 13:37:21.388961,INV41E49D21
TXN492B52398E,MERCH018,10032.16,INR,SUCCESS,CARD,2026-08-24 14:12:21.394188,
TXNB87D45249D,MERCH011,1105.84,INR,REFUNDED,UPI,2026-07-31 09:27:21.394903,
TXN0F685457B5,MERCH019,5724.09,INR,SUCCESS,NETBANKING,2026-08-07 22:58:21.393353,INVFED58F5F
TXNED6908B172,MERCH008,1711.63,INR,SUCCESS,UPI,2026-08-22 00:46:21.389329,INVAF66365A
TXN847473A300,MERCH016,9981.4,INR,SUCCESS,EMI,2026-08-13 22:50:21.392431,INVC353A61E
TXN6BDD6816F6,MERCH005,11260.14,INR,SUCCESS,CARD,2026-08-19 08:03:21.391577,INVFF744CC3
TXNABD4E4164C,MERCH010,745.32,INR,SUCCESS,WALLET,2026-08-19 03:27:21.393749,INVADED1EC9
TXN80398D9E24,MERCH010,983.59,INR,SUCCESS,WALLET,2026-08-23 08:24:21.391992,INVEFFC2069
TXND033F22F5C,MERCH016,7768.66,INR,SUCCESS,NETBANKING,2026-08-22 13:05:21.390205,INV4EF6CDD0
TXN493F5CE75E,MERCH018,9017.74,INR,SUCCESS,CARD,2026-08-06 06:10:21.389752,INV47B25E00
TXN1875CE270B,MERCH006,9102.04,INR,SUCCESS,WALLET,2026-08-07 00:01:21.390402,INVD35A0E4C
TXN84B766B695,MERCH005,10363.69,INR,SUCCESS,NETBANKING,2026-07-26 07:12:21.389894,INVBD1384DD
TXN03841700DB,MERCH018,7175.46,INR,SUCCESS,UPI,2026-08-03 05:33:21.393071,INV909AEC2B
TXN29EBDF53F5,MERCH006,10185.77,INR,SUCCESS,NETBANKING,2026-08-10 03:54:21.390961,INV651BE071
TXNF1BB8147CA,MERCH008,1579.27,INR,SUCCESS,CARD,2026-08-04 04:27:21.389562,INV149A8B6E
TXN6D1F2127A2,MERCH007,14186.61,INR,SUCCESS,CARD,2026-07-30 13:02:21.389874,INV3A01A79D
TXN9598F4D211,MERCH014,3358.27,INR,SUCCESS,EMI,2026-08-24 20:42:21.389476,INV0B34BF2A
TXN18610C9E44,MERCH010,912.88,INR,SUCCESS,CARD,2026-08-19 11:51:21.392186,INV5BE00087
TXN494031C2BF,MERCH009,5282.36,INR,SUCCESS,EMI,2026-07-26 06:42:21.388911,INV9DAFBD70
TXND7A75A52BA,MERCH008,1000.2,INR,SUCCESS,NETBANKING,2026-08-08 23:08:21.393305,INV617F564A
TXNCA32CCE865,MERCH011,3991.98,INR,SUCCESS,EMI,2026-08-23 03:35:21.391779,INV4837968A
TXN59FE40F025,MERCH001,10352.07,INR,SUCCESS,WALLET,2026-08-24 20:49:21.393881,INV9EEAE3AF
TXNAA46D076F4,MERCH014,2745.36,INR,SUCCESS,NETBANKING,2026-08-10 13:17:21.389767,INV643C6334
TXNAB97103F15,MERCH009,4154.96,INR,SUCCESS,EMI,2026-07-25 16:51:21.392940,INV64429998
TXNA5381836C3,MERCH018,11518.4,INR,SUCCESS,EMI,2026-08-05 16:00:21.391346,INV313D2194
TXN4E7E116098,MERCH016,9217.97,INR,SUCCESS,UPI,2026-07-29 03:45:21.393157,INV47A60B40
TXN3066ACC036,MERCH012,9334.71,INR,SUCCESS,WALLET,2026-08-18 09:09:21.388646,INV52800429
TXN1852B64E8C,MERCH017,3672.24,INR,SUCCESS,EMI,2026-08-12 11:14:21.392252,INVCCDB0835
TXNFB4EA015BF,MERCH006,11179.38,INR,SUCCESS,WALLET,2026-07-25 17:10:21.391590,INV1AE72A56
TXN76E24DA8E0,MERCH005,8939.34,INR,SUCCESS,WALLET,2026-07-29 09:46:21.390613,INV410F9501
TXN2FA7F852B0,MERCH015,8548.02,INR,SUCCESS,EMI,2026-08-19 06:49:21.393061,INVF4180699
TXNF0004823ED,MERCH009,6418.29,INR,SUCCESS,NETBANKING,2026-08-15 18:28:21.389226,INV62A14743
TXN4A52D6777A,MERCH003,4644.96,INR,SUCCESS,EMI,2026-08-12 22:37:21.390227,INV2A73614D
TXN9E1F103305,MERCH014,3132.25,INR,SUCCESS,WALLET,2026-08-10 15:03:21.390305,INV514036A2
TXNBBC2F53355,MERCH011,1105.84,INR,SUCCESS,NETBANKING,2026-07-31 09:26:21.394903,INV0CB45FDA
TXNE091F675AD,MERCH007,11237.11,INR,SUCCESS,CARD,2026-08-01 15:58:21.390907,INV21914A58
TXN57EBB12A56,MERCH020,462.15,INR,SUCCESS,UPI,2026-08-14 11:14:21.391535,INVEE3ECED5
TXNDE91181C1D,MERCH014,3137.22,INR,SUCCESS,WALLET,2026-07-31 01:37:21.394213,
TXN9788C3161C,MERCH009,7552.88,INR,SUCCESS,NETBANKING,2026-08-10 23:26:21.391078,INVB78C80D7
TXNE7D28F71F1,MERCH001,9115.76,INR,SUCCESS,NETBANKING,2026-08-14 06:04:21.391160,INVA14C60D4
TXN780DCBEB0E,MERCH019,11652.52,INR,SUCCESS,WALLET,2026-08-04 20:00:21.394421,
TXNA1F42676E0,MERCH015,10307.42,INR,SUCCESS,NETBANKING,2026-08-17 20:26:21.391951,INVD22EECF1
TXN7B2C207D12,MERCH004,3039.11,INR,SUCCESS,NETBANKING,2026-08-01 21:39:21.391913,INV2AC23F51
TXN873BA73E5C,MERCH010,956.87,INR,SUCCESS,WALLET,2026-08-15 18:58:21.389923,INV44EB11F6
TXNB1E1503845,MERCH014,3575.74,INR,SUCCESS,UPI,2026-08-07 01:08:21.391546,INV3B794B74
TXN52724183B0,MERCH011,4105.27,INR,SUCCESS,EMI,2026-07-28 15:47:21.390648,INV267F0611
TXNFDFC42A54F,MERCH008,2314.63,INR,SUCCESS,EMI,2026-07-30 02:42:21.392635,INV0A95AAD2
TXN10ED919D83,MERCH007,15008.63,INR,SUCCESS,NETBANKING,2026-08-16 06:22:21.393019,INVAEA5F066
TXN77440214BD,MERCH010,1040.65,INR,SUCCESS,NETBANKING,2026-08-04 09:24:21.394393,
TXNED22CC8507,MERCH003,4826.93,INR,SUCCESS,WALLET,2026-08-02 17:32:21.394042,
TXN494488298C,MERCH002,845.99,INR,SUCCESS,WALLET,2026-08-19 23:05:21.394486,INV4FE5ABC3
TXNF359AD02C6,MERCH019,8881.3,INR,SUCCESS,CARD,2026-08-14 17:21:21.391609,INV8F53D621
TXN5991DE918E,MERCH015,11287.12,INR,SUCCESS,EMI,2026-08-02 06:13:21.391941,INV7549DB3D
TXN672C279C3B,MERCH012,7899.04,INR,SUCCESS,UPI,2026-07-25 17:39:21.389846,INV8DCE73B9
TXN1900AC5D2A,MERCH006,11080.89,INR,SUCCESS,WALLET,2026-08-04 16:14:21.394316,
TXN6466709324,MERCH001,13808.52,INR,SUCCESS,WALLET,2026-08-06 11:12:21.389573,INV40D7421E
TXNB636D9EEC0,MERCH012,8310.58,INR,SUCCESS,UPI,2026-07-30 04:37:21.391639,INVA1FC05B4
TXN89CD133EF9,MERCH009,7596.98,INR,SUCCESS,WALLET,2026-07-26 23:23:21.389072,INV91132814
TXN72AF2B2183,MERCH016,4655.45,INR,SUCCESS,WALLET,2026-08-24 20:06:21.393864,INV9283E7A9
TXN8D2F09D242,MERCH019,11652.52,INR,SUCCESS,CARD,2026-08-04 19:57:21.394421,INV764AF2D5
TXNC8CFD19BFC,MERCH003,2440.1,INR,SUCCESS,WALLET,2026-08-11 09:09:21.393342,INVACD8F7A8
TXNB41211C2D0,MERCH004,3310.41,INR,SUCCESS,CARD,2026-08-01 19:53:21.390144,INV96EE2ADF
TXN29C8FC56FA,MERCH018,7448.91,INR,SUCCESS,UPI,2026-08-25 05:07:21.390986,INV4B9704B0
TXNDB5A6AC360,MERCH020,579.51,INR,SUCCESS,WALLET,2026-07-28 16:44:21.393208,INVB5121482
TXNA7A18A40A5,MERCH001,9611.42,INR,SUCCESS,WALLET,2026-08-10 19:14:21.394323,INV5F13E4EF
TXNFAE84017E8,MERCH004,3713.29,INR,SUCCESS,EMI,2026-07-28 17:00:21.391245,INVCB700830
TXN1B37DD7319,MERCH010,963.97,INR,SUCCESS,WALLET,2026-08-15 10:41:21.391483,INVBB143554
TXN77382E1EC5,MERCH001,4991.13,INR,SUCCESS,EMI,2026-08-05 16:59:21.393845,INV66249991
TXN28F2DBB056,MERCH013,1047.89,INR,SUCCESS,WALLET,2026-08-10 21:03:21.391235,INV8C706EAE
TXN5EBBB1059E,MERCH020,652.61,INR,SUCCESS,NETBANKING,2026-08-12 19:34:21.394376,INV03B6EB53
TXN9727E854DE,MERCH001,8552.23,INR,SUCCESS,CARD,2026-07-27 11:34:21.394271,
TXNAE96CAA8E0,MERCH008,1696.84,INR,SUCCESS,WALLET,2026-08-23 16:34:21.393250,INVB8D8F333
TXN81670FE072,MERCH011,3606.05,INR,SUCCESS,CARD,2026-08-22 04:14:21.388752,INV041922D0
TXN0F45F1A447,MERCH016,2553.41,INR,SUCCESS,UPI,2026-08-24 19:37:21.394975,INV800E2C3C
TXNF2C0929ABB,MERCH013,663.43,INR,SUCCESS,WALLET,2026-08-07 11:39:21.393364,INV86D90FF6
TXN142013496A,MERCH007,13320.6,INR,SUCCESS,NETBANKING,2026-08-06 21:03:21.390156,INV30210BBD
TXN5930D57A25,MERCH015,12530.22,INR,SUCCESS,WALLET,2026-08-07 00:05:21.391514,INV1F8F994C
TXNE1FB1A8F79,MERCH018,2687.56,INR,REFUNDED,CARD,2026-08-15 15:41:21.394918,
TXN094A99D806,MERCH011,4041.96,INR,SUCCESS,WALLET,2026-08-19 21:57:21.392240,INV83B162C7
TXN2D595E24F6,MERCH020,575.25,INR,SUCCESS,NETBANKING,2026-08-22 01:18:21.392796,INV862EA239
TXN4BFBED6EC7,MERCH001,147757.1,INR,SUCCESS,WALLET,2026-08-15 09:46:21.394798,INVD30CA7A7
TXNEB94386F68,MERCH004,3403.78,INR,SUCCESS,CARD,2026-08-01 05:05:21.391335,INVD9E4C45A
TXN8BF320BB19,MERCH015,9836.75,INR,SUCCESS,WALLET,2026-08-05 13:38:21.391200,INV86A69561
TXNEF4E6264F3,MERCH004,1840.76,INR,SUCCESS,CARD,2026-08-09 09:26:21.393900,INV6FE94303
TXN890347C8A2,MERCH015,11285.55,INR,SUCCESS,CARD,2026-08-01 11:05:21.392346,INV1AA3F6BD
TXNA2178DA9FB,MERCH005,12362.25,INR,SUCCESS,CARD,2026-08-02 00:30:21.390927,INVAFA5B114
TXN1403C07DC9,MERCH017,1111.17,INR,REFUNDED,EMI,2026-08-13 11:02:21.395006,
TXN8CB96C5892,MERCH005,3382.12,INR,REFUNDED,EMI,2026-08-12 19:16:21.394961,
TXNE466268A2A,MERCH014,2648.71,INR,SUCCESS,WALLET,2026-08-05 09:48:21.391068,INV89E4A406
TXN325BA749BF,MERCH015,11782.53,INR,SUCCESS,EMI,2026-08-10 08:47:21.393178,INVFF3E9884
TXNF56B7670C5,MERCH005,11657.11,INR,SUCCESS,NETBANKING,2026-08-20 02:50:21.394435,
TXN240C45D40D,MERCH013,795.38,INR,SUCCESS,NETBANKING,2026-08-06 20:29:21.392762,INV30B1B785
TXN07248325EA,MERCH017,2942.0,INR,SUCCESS,CARD,2026-07-30 13:58:21.392310,INV25BB0FC5
TXN36269BC50A,MERCH013,871.54,INR,SUCCESS,EMI,2026-08-21 19:26:21.389141,INV2AA676E9
TXN4C5F2E6CA0,MERCH003,4299.89,INR,SUCCESS,EMI,2026-08-18 03:59:21.390074,INV7CA4AB75
TXN42B91667F2,MERCH007,10139.69,INR,SUCCESS,NETBANKING,2026-08-10 22:52:21.391962,INVF5270EA4
TXN557059CEE4,MERCH010,709.52,INR,SUCCESS,CARD,2026-08-22 09:36:21.394059,
TXND0A4732CFA,MERCH015,10487.93,INR,SUCCESS,CARD,2026-07-27 02:46:21.390573,INV8201DA29
TXNF45110134A,MERCH013,1003.51,INR,SUCCESS,WALLET,2026-07-28 14:39:21.391504,INV0CACA53E
TXNF9251CC31F,MERCH012,170802.76,INR,SUCCESS,UPI,2026-08-10 03:04:21.394635,INV3CB4C366
TXN67A7BA1F14,MERCH010,819.28,INR,SUCCESS,UPI,2026-08-11 10:57:21.392575,INVA857A6A6
TXN78C114587D,MERCH017,3026.67,INR,SUCCESS,UPI,2026-07-27 11:48:21.392488,INVA1AD46CC
TXNC6059CB668,MERCH017,4440.17,INR,SUCCESS,EMI,2026-07-25 23:02:21.389619,INVDD937285
TXN8E8170735E,MERCH017,1111.17,INR,SUCCESS,EMI,2026-08-13 11:01:21.395006,INV4C9475BC
TXNA1E4A6278D,MERCH009,6585.09,INR,SUCCESS,CARD,2026-08-15 04:05:21.393198,INV0C2A4BA5
TXN5DA8830DE1,MERCH013,1060.05,INR,SUCCESS,WALLET,2026-08-03 17:32:21.390597,INV56627833
TXN580E75CBD6,MERCH010,1074.71,INR,SUCCESS,WALLET,2026-08-09 03:59:21.389500,INV7281A969
TXN5D44D71C86,MERCH002,842.28,INR,SUCCESS,EMI,2026-07-27 01:36:21.388469,INVF00DF8D5
TXN00A0906F91,MERCH020,569.96,INR,SUCCESS,NETBANKING,2026-08-01 05:59:21.394232,
TXNB2517CB4C6,MERCH019,10490.69,INR,SUCCESS,CARD,2026-08-06 20:32:21.393318,INV7B566039
TXNBD7E896A78,MERCH006,289939.82,INR,SUCCESS,NETBANKING,2026-07-28 05:36:21.394737,INVF7D7EE63
TXN2D91084D3E,MERCH003,4207.45,INR,SUCCESS,UPI,2026-08-04 14:46:21.390712,INV5AD46123
TXNED9DD3693F,MERCH013,1003.3,INR,SUCCESS,CARD,2026-07-27 17:12:21.388624,INV2B191292
TXN24F61E8E2C,MERCH008,1735.78,INR,SUCCESS,NETBANKING,2026-07-30 11:50:21.388601,INV99FF59BD
TXN863093B579,MERCH017,5390.36,INR,SUCCESS,EMI,2026-08-21 16:28:21.393330,INV824F37B8
TXN9E0AEC6FB2,MERCH015,10694.72,INR,SUCCESS,EMI,2026-08-01 02:09:21.391180,INV845D5655
TXN08049F92B9,MERCH019,15779.7,INR,SUCCESS,EMI,2026-08-23 12:00:21.392538,INV578D5935
TXND6048CDB5A,MERCH005,13812.38,INR,SUCCESS,NETBANKING,2026-08-23 12:31:21.390342,INVE6D5976F
TXN78C55D6A00,MERCH014,3712.14,INR,SUCCESS,WALLET,2026-08-17 00:22:21.394117,
TXNB30FC60819,MERCH016,8689.79,INR,SUCCESS,UPI,2026-08-24 08:17:21.389062,INVB0F9030D
TXN898B764D05,MERCH008,1670.52,INR,SUCCESS,WALLET,2026-08-10 20:32:21.390523,INV6ADC0BA5
TXN9FFDD96CFA,MERCH011,3827.32,INR,SUCCESS,UPI,2026-08-14 10:36:21.394048,
TXN9E7F126278,MERCH016,9411.48,INR,SUCCESS,WALLET,2026-07-25 20:14:21.394450,
TXN4E0AD1AF15,MERCH009,7424.69,INR,SUCCESS,NETBANKING,2026-08-01 19:41:21.393240,INV1DC69983
TXN60E8F6DA62,MERCH012,7429.83,INR,SUCCESS,WALLET,2026-08-16 15:46:21.394360,INVE7FEFACD
TXN09F45D7F16,MERCH003,5516.11,INR,SUCCESS,NETBANKING,2026-08-08 07:09:21.389184,INVE035166F
TXN4FF95DE05F,MERCH006,9930.07,INR,SUCCESS,UPI,2026-07-27 03:19:21.391368,INVB2590806
TXN944285C74C,MERCH007,18315.57,INR,SUCCESS,EMI,2026-07-27 05:57:21.393649,INV1AB6E3AB
TXNF44E1146C6,MERCH020,498.98,INR,SUCCESS,NETBANKING,2026-08-21 11:33:21.391223,INVEAF19853
TXN4412001125,MERCH014,2409.93,INR,SUCCESS,UPI,2026-08-17 07:20:21.393587,INV14EA8D43
TXNF0EBA9FC21,MERCH011,3801.41,INR,SUCCESS,CARD,2026-08-14 00:32:21.390758,INV6289C8CA
TXN2B63465F45,MERCH020,599.29,INR,SUCCESS,NETBANKING,2026-08-01 12:28:21.390466,INV96F67A74
TXN4DB511B616,MERCH018,14098.51,INR,SUCCESS,WALLET,2026-07-30 06:26:21.393461,INV7B1478F9
TXN7CE995ED17,MERCH015,8180.25,INR,SUCCESS,WALLET,2026-08-18 18:23:21.392379,INV3D2BEE71
TXN337CB475F5,MERCH012,6900.21,INR,SUCCESS,EMI,2026-07-25 20:15:21.391056,INVAC2DF35A
TXN3A37EEE90A,MERCH017,3045.78,INR,SUCCESS,NETBANKING,2026-08-19 20:31:21.394304,
TXN2DB5C91192,MERCH002,249.11,INR,SUCCESS,WALLET,2026-07-27 11:51:21.394992,INVC632736C
TXNE6F3EFEB65,MERCH010,1072.25,INR,SUCCESS,NETBANKING,2026-07-29 18:17:21.394138,
TXNB65711D7AB,MERCH005,13087.11,INR,SUCCESS,EMI,2026-08-03 14:48:21.391849,INVB386AA28
TXN6C8FB6D319,MERCH012,9378.59,INR,SUCCESS,NETBANKING,2026-08-03 13:58:21.390997,INV60A434A5
TXN0C6C151BA0,MERCH004,3881.2,INR,SUCCESS,UPI,2026-08-19 15:13:21.392390,INVCDF6518E
TXNE3C5EE0D1D,MERCH015,10972.83,INR,SUCCESS,EMI,2026-08-07 00:22:21.390264,INVBAE5E931
TXN2AB4F96DD5,MERCH002,910.56,INR,SUCCESS,EMI,2026-08-19 16:14:21.388658,INV37BA882F
TXN235EFDD3CF,MERCH008,2227.11,INR,SUCCESS,UPI,2026-08-04 11:00:21.393923,INV177076DF
TXNAD9ABAE7E7,MERCH001,13719.05,INR,SUCCESS,WALLET,2026-08-20 00:00:21.393111,INVE8FD7312
TXN38027FD009,MERCH014,4318.05,INR,SUCCESS,NETBANKING,2026-07-29 22:45:21.392009,INVEEFEE7F3
TXND6BA0A25A2,MERCH011,2865.85,INR,SUCCESS,EMI,2026-08-09 20:39:21.390664,INV4D180C43
TXN8BF7EF4FDB,MERCH015,7074.49,INR,SUCCESS,CARD,2026-08-22 15:23:21.389650,INV6BA59381
TXNA0140371DD,MERCH002,879.69,INR,SUCCESS,EMI,2026-07-31 01:57:21.394226,
TXNA46F375DE8,MERCH015,11819.49,INR,SUCCESS,NETBANKING,2026-08-23 13:46:21.392287,INVA066D410
TXNCA5C59FC72,MERCH016,9614.86,INR,SUCCESS,CARD,2026-08-05 04:11:21.392558,INV0F7C37FA
TXN2AB0EEE2B6,MERCH018,7559.72,INR,SUCCESS,UPI,2026-08-11 16:18:21.389957,INV856EBDA9
TXN4731C00A40,MERCH011,3379.2,INR,SUCCESS,WALLET,2026-08-21 09:27:21.389661,INV14F4FA06
TXN05BCB4918C,MERCH009,5459.52,INR,SUCCESS,WALLET,2026-08-22 18:39:21.390362,INVBE459465
TXNF83C9078B9,MERCH001,177857.61,INR,SUCCESS,CARD,2026-08-23 09:04:21.394784,INV3284E0E2
TXN8475E7671D,MERCH006,12182.17,INR,SUCCESS,WALLET,2026-08-05 20:40:21.389784,INVC9492705
TXNB42FE2920A,MERCH017,2205.46,INR,SUCCESS,WALLET,2026-08-01 13:22:21.393450,INV7BE5D1BF
TXNB961B93702,MERCH014,3498.03,INR,SUCCESS,UPI,2026-08-24 04:10:21.391031,INVCCBD9D9F
TXN8466440281,MERCH010,1037.34,INR,SUCCESS,WALLET,2026-08-14 01:13:21.393424,INV7D14E04B
TXN6531240651,MERCH011,2449.24,INR,SUCCESS,NETBANKING,2026-08-02 09:40:21.393732,INV2D7A3309
TXN3BFDD63074,MERCH016,10578.3,INR,SUCCESS,WALLET,2026-08-11 15:06:21.393289,INV167C6659
TXNDDA7A1F212,MERCH016,7462.17,INR,SUCCESS,WALLET,2026-08-16 21:55:21.393766,INVD18042FE
TXN01AD0EFAF5,MERCH016,134950.89,INR,SUCCESS,UPI,2026-08-13 10:55:21.394814,INV99185715
TXN530AB00A08,MERCH020,588.87,INR,SUCCESS,CARD,2026-08-13 09:31:21.391925,INVB2781194
TXN7CAF0A3310,MERCH020,751.01,INR,SUCCESS,NETBANKING,2026-08-12 01:55:21.389449,INVD82534A5
TXNDE79E7E73D,MERCH011,3737.28,INR,SUCCESS,UPI,2026-08-23 04:39:21.394292,
TXNB49A7A8448,MERCH016,11875.22,INR,SUCCESS,UPI,2026-08-05 03:05:21.393944,INVA6916014
TXND3DCA6BF02,MERCH002,859.31,INR,SUCCESS,CARD,2026-08-25 02:52:21.389249,INV0569F1C0
TXNE58C81463D,MERCH016,8230.72,INR,SUCCESS,WALLET,2026-08-04 15:10:21.390061,INVB48C04CD
TXNC9B199C269,MERCH012,7429.83,INR,SUCCESS,EMI,2026-08-16 15:50:21.394360,
TXN36FD5BA1F6,MERCH010,1043.65,INR,SUCCESS,UPI,2026-08-21 18:51:21.389944,INVD3BE01A7
TXN6CE2927230,MERCH016,9473.32,INR,SUCCESS,WALLET,2026-08-23 01:09:21.392660,INVF66F8E05
TXN6C273A5C9E,MERCH010,1083.5,INR,SUCCESS,NETBANKING,2026-08-13 00:49:21.393041,INVE1103E12
TXN54FCAEFB81,MERCH018,7491.42,INR,SUCCESS,WALLET,2026-08-11 02:16:21.394257,
TXN67D3027E3B,MERCH003,92350.98,INR,SUCCESS,UPI,2026-07-27 17:31:21.394753,INV1850ECA8
TXNCF6D2E0D11,MERCH016,9356.32,INR,SUCCESS,WALLET,2026-08-03 05:15:21.390513,INV8E9EAA95
TXNB75A75651E,MERCH014,3081.58,INR,SUCCESS,UPI,2026-07-28 07:42:21.393142,INVACCABA2B
TXNF54E0F559D,MERCH005,10468.37,INR,SUCCESS,NETBANKING,2026-08-03 07:11:21.394159,
TXN83698B5EE2,MERCH008,1627.3,INR,SUCCESS,UPI,2026-08-23 10:03:21.393482,INVE2BAB38D
TXNC194E1D9CF,MERCH006,12310.59,INR,SUCCESS,NETBANKING,2026-07-26 01:21:21.394169,
TXN036B2FD414,MERCH004,3804.15,INR,SUCCESS,WALLET,2026-08-22 12:26:21.392072,INV5290C4DF
TXNA11F913818,MERCH011,3789.1,INR,SUCCESS,NETBANKING,2026-08-12 02:59:21.391266,INV720A2F7C
TXN9A7BF9567D,MERCH014,97372.12,INR,SUCCESS,CARD,2026-08-16 17:33:21.394590,INV81E7C43D
TXN64158C9D2F,MERCH010,1063.21,INR,SUCCESS,CARD,2026-07-26 15:01:21.392411,INV14B5B86E
TXNA4A7FFC477,MERCH009,8033.77,INR,SUCCESS,NETBANKING,2026-08-08 05:58:21.388587,INVCF5F1673
TXNDCAE744294,MERCH018,2687.56,INR,SUCCESS,NETBANKING,2026-08-15 15:40:21.394918,INVA3C7E12D
TXN95AE0DFA6C,MERCH013,639.39,INR,SUCCESS,UPI,2026-07-30 14:55:21.393990,INVB0EB68E7
TXNFF26ADF284,MERCH010,1040.65,INR,SUCCESS,UPI,2026-08-04 09:21:21.394393,INVF96AAC55
TXNDACD6090F1,MERCH009,7429.84,INR,SUCCESS,WALLET,2026-07-31 19:51:21.394500,
TXN5335E3BF82,MERCH012,2339.37,INR,SUCCESS,CARD,2026-08-02 07:01:21.394864,INV1FAA4A15
TXN6435666E37,MERCH010,24130.86,INR,SUCCESS,UPI,2026-08-01 06:14:21.394769,INVD912C823
TXN7B152F5F0A,MERCH002,855.31,INR,SUCCESS,WALLET,2026-08-11 03:20:21.389815,INV3C93AADD
TXN26C22F49C2,MERCH015,9986.83,INR,SUCCESS,EMI,2026-08-14 23:49:21.394148,
TXNA9841D2928,MERCH016,9635.38,INR,SUCCESS,WALLET,2026-08-07 21:19:21.390104,INV31D3C884
TXN45C5713B79,MERCH012,8493.59,INR,SUCCESS,EMI,2026-08-24 17:45:21.391010,INVA3A75401
TXNB7862CF0E3,MERCH007,13725.39,INR,SUCCESS,CARD,2026-08-22 18:57:21.389933,INV9BC3DA0F
TXND334F710C1,MERCH018,10638.86,INR,SUCCESS,WALLET,2026-08-02 06:31:21.388565,INV0524E2C4
TXN9FBE3BFAFC,MERCH013,1001.32,INR,SUCCESS,UPI,2026-07-31 00:35:21.394245,
TXN5A5FAFC74B,MERCH014,2618.48,INR,SUCCESS,NETBANKING,2026-08-19 14:08:21.389989,INVEE537658
TXNAB507E8932,MERCH005,9309.82,INR,SUCCESS,NETBANKING,2026-07-30 18:41:21.391140,INVB6CEFAAC
TXNB779E15A9A,MERCH017,4688.86,INR,SUCCESS,CARD,2026-08-09 00:31:21.391972,INV40913F1C
TXN5F0B9EE3B3,MERCH005,12645.68,INR,SUCCESS,UPI,2026-08-11 12:33:21.392321,INVC92E5EF7
TXN4FBFDEE511,MERCH019,9556.75,INR,SUCCESS,WALLET,2026-08-12 12:21:21.390587,INVFAAA4300
TXN4B6765A8A6,MERCH001,8348.32,INR,SUCCESS,WALLET,2026-08-11 15:28:21.392977,INVF33760A0
TXN392C646691,MERCH010,1024.56,INR,SUCCESS,CARD,2026-08-13 18:27:21.393272,INVAB14D1D5
TXN3D2E01C9D5,MERCH016,8131.67,INR,SUCCESS,EMI,2026-08-14 22:19:21.393029,INV1C5DCC29
TXN531FCD02A6,MERCH009,8625.25,INR,SUCCESS,CARD,2026-08-06 15:21:21.388613,INV6781EC57
TXN96473F47C7,MERCH003,109973.99,INR,SUCCESS,EMI,2026-07-28 11:16:21.394624,INV9E108E45
TXN35475ABC0D,MERCH005,9542.09,INR,SUCCESS,CARD,2026-08-22 21:00:21.392518,INV150E7829
TXNB56316A400,MERCH019,14286.19,INR,SUCCESS,UPI,2026-08-15 23:13:21.391630,INVB231B566
TXN5153734E9C,MERCH005,11122.93,INR,SUCCESS,WALLET,2026-08-21 12:23:21.392042,INVEA1E95D9
TXN0A34665AA6,MERCH006,11625.16,INR,SUCCESS,NETBANKING,2026-08-17 21:06:21.391494,INV9031A4B2
TXN28772596CA,MERCH013,655.75,INR,SUCCESS,NETBANKING,2026-08-08 02:52:21.393662,INVFD081CB1
TXN8BFEFDAC82,MERCH001,11007.8,INR,SUCCESS,CARD,2026-08-04 07:42:21.394298,
TXN499C80183B,MERCH005,11669.31,INR,SUCCESS,NETBANKING,2026-08-24 02:07:21.392166,INV39A43A15
TXN54CF89795B,MERCH007,11819.19,INR,SUCCESS,CARD,2026-08-16 06:18:21.390166,INV508FCCF1
TXNE89304E947,MERCH014,3675.47,INR,SUCCESS,EMI,2026-08-10 20:06:21.394067,
TXN87E0A0CA6B,MERCH009,7693.57,INR,SUCCESS,UPI,2026-08-13 19:42:21.391982,INVCBE7B0B6
TXNF6C5C7755D,MERCH018,9176.55,INR,SUCCESS,EMI,2026-08-02 09:58:21.388724,INV49C1AD98
TXN2720D19F26,MERCH002,845.99,INR,SUCCESS,EMI,2026-08-19 23:07:21.394486,
TXN09E05241D5,MERCH010,850.35,INR,SUCCESS,EMI,2026-07-29 17:09:21.388821,INVCB004291
TXN8F07403EAE,MERCH002,1061.19,INR,SUCCESS,WALLET,2026-07-30 22:08:21.392830,INV8C22FE87
TXN33D9FC7415,MERCH002,911.46,INR,SUCCESS,CARD,2026-08-03 09:08:21.392987,INV57339CFC
TXNF25DB9B5C5,MERCH005,264506.64,INR,SUCCESS,WALLET,2026-08-16 17:15:21.394614,INV350EA8BC
TXN0406465D91,MERCH005,13786.18,INR,SUCCESS,WALLET,2026-08-17 03:02:21.390637,INV7906A3AC
TXNFFD5762072,MERCH004,3116.44,INR,SUCCESS,NETBANKING,2026-08-12 08:45:21.392742,INV9D2A24A9
TXNA1A570FDBD,MERCH016,8934.25,INR,SUCCESS,NETBANKING,2026-08-25 09:42:21.388861,INVD2B661F5
TXN08B8DD057B,MERCH010,1110.55,INR,SUCCESS,NETBANKING,2026-08-01 06:03:21.390896,INVA88D3D01
TXN50187996AA,MERCH014,3285.94,INR,SUCCESS,NETBANKING,2026-08-16 08:28:21.391880,INV0C17B83D
TXN7E22BD08AA,MERCH007,11808.31,INR,SUCCESS,UPI,2026-08-07 02:38:21.392675,INV3644CD88
TXNEAD24B3415,MERCH020,635.18,INR,SUCCESS,WALLET,2026-08-17 17:37:21.391020,INV04078316
TXNCE6217CAAA,MERCH006,10438.22,INR,SUCCESS,UPI,2026-08-05 17:54:21.389910,INV42DD8CBD
TXN7CA446ED62,MERCH002,456.96,INR,SUCCESS,EMI,2026-08-14 17:52:21.394001,INVA71F9684
TXN89901060C6,MERCH002,983.89,INR,SUCCESS,NETBANKING,2026-08-23 16:36:21.391420,INV3A8A6A3E
TXNE08BCE41AE,MERCH009,5863.37,INR,SUCCESS,WALLET,2026-07-27 12:36:21.389236,INV09432271
TXNCE5A2FC3D1,MERCH003,103032.1,INR,SUCCESS,CARD,2026-08-24 18:00:21.394846,INV366FDDEF
TXN72FFB83658,MERCH020,593.56,INR,SUCCESS,CARD,2026-08-18 07:50:21.389308,INV2604DEEB
TXNE76082E7C7,MERCH014,3728.57,INR,SUCCESS,UPI,2026-08-14 15:11:21.393101,INV8AA6FB64
TXNFCAC4A21D5,MERCH012,6599.72,INR,SUCCESS,UPI,2026-07-31 09:06:21.391286,INV04BAAA48
TXN81BA61F682,MERCH007,13467.37,INR,SUCCESS,EMI,2026-08-12 10:23:21.391442,INVD5C82554
TXND2758BCA9C,MERCH015,10359.05,INR,SUCCESS,WALLET,2026-08-13 20:45:21.393674,INV36664D3F
TXN3D8B2D3D74,MERCH014,3220.54,INR,SUCCESS,CARD,2026-07-27 19:44:21.394092,
TXNBCE83DD9B2,MERCH001,12683.4,INR,SUCCESS,UPI,2026-08-19 19:25:21.389435,INV92A92884
TXN1FAD127D78,MERCH015,11459.05,INR,SUCCESS,EMI,2026-08-10 16:28:21.389541,INV903FC59E
TXN36176A37D8,MERCH016,10556.27,INR,SUCCESS,WALLET,2026-08-15 01:24:21.394176,
TXNE5E16504B0,MERCH010,928.64,INR,SUCCESS,CARD,2026-07-25 17:46:21.391802,INVA21EB3EA
TXN381C32CA6C,MERCH002,794.18,INR,SUCCESS,WALLET,2026-08-04 14:02:21.392951,INV5D6FD5B5
TXNE199E4725D,MERCH010,866.04,INR,SUCCESS,WALLET,2026-08-12 07:57:21.392272,INV4D0FAD2A
TXNF72B88658B,MERCH017,2993.24,INR,SUCCESS,CARD,2026-08-18 10:29:21.392421,INVF29AF336
TXN19EA38BD74,MERCH005,13991.4,INR,SUCCESS,UPI,2026-08-06 16:16:21.391384,INVFC54C609
TXN3589AFCE14,MERCH009,5251.0,INR,SUCCESS,UPI,2026-07-31 14:50:21.394342,INV9F4C171C
TXN4C02132CFE,MERCH003,4994.9,INR,SUCCESS,EMI,2026-08-11 09:55:21.394530,
TXN9555C742FD,MERCH016,6418.21,INR,SUCCESS,EMI,2026-08-03 22:23:21.392710,INVD122EC22
TXN2584074FB8,MERCH008,1365.92,INR,SUCCESS,NETBANKING,2026-08-04 15:43:21.390676,INV97B16D54
TXND8E77FEC07,MERCH010,899.02,INR,SUCCESS,NETBANKING,2026-08-12 16:00:21.388929,INV9865A5C7
TXNAF516AB42C,MERCH001,9430.0,INR,SUCCESS,UPI,2026-08-17 13:59:21.392152,INV74323FBC
TXNC4D6028D6E,MERCH005,10517.99,INR,SUCCESS,EMI,2026-08-22 01:47:21.391318,INV5B2ED83E
TXN8E4F66E073,MERCH009,6804.97,INR,SUCCESS,CARD,2026-07-28 23:36:21.391110,INV9BA8714E
TXN5763BCC54D,MERCH013,401.66,INR,SUCCESS,CARD,2026-08-05 12:57:21.393934,INV2C2EB758
TXN2B1DCEC981,MERCH001,9616.78,INR,SUCCESS,NETBANKING,2026-08-12 20:34:21.392368,INV0094839E
TXN0BD837986F,MERCH013,993.99,INR,SUCCESS,CARD,2026-08-10 01:26:21.389586,INVF7E09741
TXN79DC153EDF,MERCH007,12426.74,INR,SUCCESS,EMI,2026-08-01 08:10:21.392645,INV1BEED2DD
TXN3A6D497E47,MERCH012,7555.19,INR,SUCCESS,CARD,2026-08-17 06:34:21.390132,INV6D62892B
TXN30B27CC535,MERCH005,10479.79,INR,SUCCESS,UPI,2026-07-25 20:43:21.388844,INV92E786BB
TXNAC329579D0,MERCH014,3892.72,INR,SUCCESS,UPI,2026-08-01 06:22:21.394516,INVC8416F44
TXN7038CFCE90,MERCH005,11657.11,INR,SUCCESS,WALLET,2026-08-20 02:48:21.394435,INV0A85D8CD
TXN342815DDF4,MERCH012,9596.63,INR,SUCCESS,WALLET,2026-08-14 04:31:21.389195,INVD07A3272
TXNC2EED18964,MERCH003,4302.62,INR,SUCCESS,EMI,2026-08-10 22:58:21.392464,INVA4C77807
TXN7D1CD063DC,MERCH018,9588.12,INR,SUCCESS,CARD,2026-08-11 00:38:21.390455,INVE52773CA
TXNEE0F23B0E4,MERCH009,7429.84,INR,SUCCESS,NETBANKING,2026-07-31 19:49:21.394500,INV915D2CB4
TXNBDC072B57A,MERCH010,1146.16,INR,SUCCESS,NETBANKING,2026-08-06 18:35:21.393167,INVF97B81FC
TXNC351623FF6,MERCH020,628.35,INR,SUCCESS,NETBANKING,2026-07-27 21:33:21.392889,INV9B825539
TXN65D021D564,MERCH017,3918.59,INR,SUCCESS,EMI,2026-08-02 00:10:21.390052,INV452F31DC
TXN9F34B003CB,MERCH002,924.04,INR,SUCCESS,CARD,2026-07-31 03:26:21.391120,INVDCF00916
TXN563E03E1D0,MERCH013,246.48,INR,REFUNDED,WALLET,2026-08-15 17:39:21.394932,
TXNFF29C666F9,MERCH006,5714.68,INR,SUCCESS,UPI,2026-08-09 11:48:21.393806,INV51619C7C
TXN083DDC7B21,MERCH001,11282.75,INR,SUCCESS,NETBANKING,2026-08-13 00:12:21.391397,INV28EB54E2
TXN3FF72C0E5A,MERCH001,11091.85,INR,SUCCESS,CARD,2026-08-15 16:07:21.390822,INV96D91862
TXNB02BE06B30,MERCH009,2985.72,INR,SUCCESS,EMI,2026-07-29 11:29:21.393618,INV5B7EBF16
TXN7DB9635BAC,MERCH015,6687.44,INR,SUCCESS,EMI,2026-08-02 12:13:21.391655,INV1D186C38
TXNCFB12A7683,MERCH014,4270.56,INR,SUCCESS,UPI,2026-08-12 18:57:21.389705,INV1D4E57C4
TXND31E444467,MERCH014,3686.45,INR,SUCCESS,NETBANKING,2026-07-28 11:44:21.389285,INV7BF9F3AC
TXN872EBDED72,MERCH004,1122.56,INR,SUCCESS,UPI,2026-08-22 20:45:21.394947,INV73DA6DB4
TXN7EB6526644,MERCH008,1923.38,INR,SUCCESS,EMI,2026-08-04 10:19:21.389298,INVE00CB60A
TXNF9EA966444,MERCH020,487.07,INR,SUCCESS,EMI,2026-08-07 04:16:21.389521,INVF151C379
TXN99111D9795,MERCH009,7251.43,INR,SUCCESS,WALLET,2026-07-27 23:26:21.390016,INVE1DF4FB9
TXN9F54CF50AF,MERCH006,8636.98,INR,SUCCESS,NETBANKING,2026-07-30 04:04:21.392904,INVAD0A973F
TXN57573A033E,MERCH012,2339.37,INR,REFUNDED,WALLET,2026-08-02 07:02:21.394864,
TXNC37EB9C040,MERCH018,7692.46,INR,SUCCESS,CARD,2026-07-31 01:01:21.394310,
TXN22655CB8C0,MERCH011,3009.06,INR,SUCCESS,CARD,2026-08-05 22:09:21.391669,INV06D97486
TXN7DC8D07258,MERCH009,5806.66,INR,SUCCESS,CARD,2026-08-12 22:35:21.390858,INV73C427B8
TXN878CEF97EC,MERCH010,731.22,INR,SUCCESS,UPI,2026-07-30 22:43:21.393575,INV6037C461
TXNA16230154A,MERCH019,13819.98,INR,SUCCESS,UPI,2026-08-15 21:49:21.392916,INVDDB16B5E
TXN13462E91B9,MERCH015,8935.17,INR,SUCCESS,NETBANKING,2026-07-26 02:04:21.390837,INVA3798370
TXN94F3A6A31C,MERCH014,3756.25,INR,SUCCESS,WALLET,2026-08-02 22:23:21.390430,INV7C6FEAAB
TXN3DD28A9B42,MERCH017,3069.5,INR,SUCCESS,WALLET,2026-08-10 13:57:21.394286,
TXNDD96FE83E8,MERCH013,714.05,INR,SUCCESS,EMI,2026-08-07 00:58:21.393979,INV8D757073
TXNA52CEF7307,MERCH012,5226.99,INR,SUCCESS,NETBANKING,2026-07-27 03:02:21.389488,INVB98DB9EE
TXNEE1315CD07,MERCH007,396674.46,INR,SUCCESS,NETBANKING,2026-07-30 07:10:21.394656,INV7073C6AC
TXN43B8A7BFB4,MERCH014,2483.64,INR,SUCCESS,UPI,2026-08-11 22:46:21.389004,INVDBD77A5C
TXN179A81BC54,MERCH020,504.79,INR,SUCCESS,EMI,2026-08-08 15:15:21.394220,
TXNCC8A3F98C1,MERCH010,1003.44,INR,SUCCESS,EMI,2026-07-26 00:46:21.392624,INVFBE63399
TXN1925F6E5AE,MERCH005,11612.09,INR,SUCCESS,EMI,2026-08-23 18:54:21.389096,INVB61EE2BB
TXN76CB0A839A,MERCH020,690.59,INR,SUCCESS,EMI,2026-08-16 02:35:21.391308,INV7FACC4D8
TXN42016B1A22,MERCH013,829.82,INR,SUCCESS,WALLET,2026-08-18 23:59:21.389511,INV719310DD
TXN89F1C72113,MERCH017,2909.85,INR,SUCCESS,EMI,2026-08-16 00:41:21.392102,INVFACAE986
TXN83AF4E43B2,MERCH004,4015.67,INR,SUCCESS,EMI,2026-08-22 09:54:21.389215,INV0D57835C
TXN4ADB0AB1C6,MERCH007,14466.66,INR,SUCCESS,EMI,2026-07-31 19:15:21.392548,INVBE1934CE
TXN3D0A93B9F3,MERCH011,4067.21,INR,SUCCESS,CARD,2026-08-18 05:16:21.389162,INV4E146D5B
TXN5B1EF6A780,MERCH012,7159.77,INR,SUCCESS,EMI,2026-08-12 02:58:21.391760,INV40937059
TXN0482122DFE,MERCH001,11911.29,INR,SUCCESS,UPI,2026-08-20 17:27:21.393828,INV70650BF3
TXN7FBBE3C5A5,MERCH014,4088.26,INR,SUCCESS,WALLET,2026-08-09 18:13:21.391432,INV72B39E7B
TXN6483C81B1B,MERCH011,4275.68,INR,SUCCESS,NETBANKING,2026-07-29 20:11:21.392201,INV71085151
TXNF41B8CA4B2,MERCH005,12455.54,INR,SUCCESS,UPI,2026-08-16 11:26:21.390237,INV801D1DC6
TXN6DAC841BCE,MERCH019,12737.16,INR,SUCCESS,WALLET,2026-08-09 07:58:21.394099,
TXNF951CDF521,MERCH020,469.49,INR,SUCCESS,UPI,2026-07-30 17:08:21.389205,INV259AFA81
TXN6E10EED6CA,MERCH017,3637.37,INR,SUCCESS,NETBANKING,2026-08-17 13:23:21.390545,INVAD26F75B
TXN678564A4B9,MERCH006,9627.27,INR,SUCCESS,NETBANKING,2026-08-03 17:02:21.389552,INV01832582
TXN723D299C28,MERCH008,1864.07,INR,SUCCESS,WALLET,2026-08-19 10:35:21.388994,INVD2D5EE2F
TXN13946D85FE,MERCH014,3990.67,INR,SUCCESS,NETBANKING,2026-08-24 01:09:21.392021,INVE128A5C1
TXN352BD158AD,MERCH012,7415.4,INR,SUCCESS,EMI,2026-08-21 19:29:21.394182,
TXNA49CAB7F87,MERCH020,553.51,INR,SUCCESS,CARD,2026-07-25 14:35:21.390281,INVFEC430B0
TXNA87E113A7D,MERCH018,9604.62,INR,SUCCESS,UPI,2026-08-16 03:35:21.392262,INVC7E1FE32
TXN21EA27967E,MERCH011,3862.91,INR,SUCCESS,NETBANKING,2026-08-16 17:57:21.390041,INV870D6AE5
TXNB3526E1240,MERCH005,9058.04,INR,SUCCESS,NETBANKING,2026-08-08 11:48:21.389274,INVEBC37C0B
TXNA520F4A09B,MERCH019,10770.94,INR,SUCCESS,CARD,2026-08-04 08:31:21.390775,INVCD0862D1
TXNE8FB2A1B12,MERCH014,3152.91,INR,SUCCESS,UPI,2026-07-26 23:37:21.391213,INVD69AE5F7
TXN2E7699F2FF,MERCH020,570.18,INR,SUCCESS,EMI,2026-08-21 06:51:21.394545,
TXND8CE95F05D,MERCH006,9860.54,INR,SUCCESS,NETBANKING,2026-08-21 06:53:21.388381,INV8FF659D3
TXN9796A8C6E9,MERCH001,9611.42,INR,SUCCESS,CARD,2026-08-10 19:16:21.394323,
TXNBB3C9E7BFE,MERCH010,595.23,INR,SUCCESS,WALLET,2026-08-03 21:27:21.393527,INV939AF933
TXN380FB3B6B4,MERCH018,8856.7,INR,SUCCESS,NETBANKING,2026-08-13 15:52:21.393008,INV8726A8B2
TXNA9D233A4BB,MERCH015,11302.8,INR,SUCCESS,EMI,2026-08-10 08:36:21.394469,INV79954BAC
TXN67332B85DA,MERCH012,6388.8,INR,SUCCESS,UPI,2026-08-14 01:05:21.392334,INV92E8002E
TXN0CE9FCDE29,MERCH020,686.66,INR,SUCCESS,EMI,2026-08-05 18:27:21.390252,INV80DF1557
TXN7AA540557B,MERCH005,11224.45,INR,SUCCESS,WALLET,2026-08-16 14:04:21.388636,INV6E9E38D4
TXN2A640AF53B,MERCH012,8614.7,INR,SUCCESS,EMI,2026-08-15 14:21:21.391407,INV0B5711F9
TXN9B097E148B,MERCH020,484.63,INR,SUCCESS,CARD,2026-07-28 02:05:21.388486,INVC4B15993
TXND78C5988AE,MERCH018,8106.03,INR,SUCCESS,CARD,2026-08-18 10:12:21.389609,INV20F045B8
TXN2DF8083478,MERCH011,3814.44,INR,SUCCESS,NETBANKING,2026-07-29 01:41:21.394079,
TXN512AC0999C,MERCH013,844.31,INR,SUCCESS,CARD,2026-08-14 17:24:21.392358,INVD176360B
TXN17EACEDE18,MERCH001,11367.37,INR,SUCCESS,WALLET,2026-08-22 00:18:21.389968,INV0DCB3EE8
TXN18411AD535,MERCH013,1013.35,INR,SUCCESS,UPI,2026-08-25 02:42:21.392032,INVE4214CFD
TXN7CC95498B0,MERCH011,3684.86,INR,SUCCESS,UPI,2026-08-11 06:32:21.392609,INVD562A5A1
TXN39A93B1B88,MERCH008,2156.59,INR,SUCCESS,NETBANKING,2026-08-06 17:52:21.393514,INVA8FE3D67
TXN80323B6B68,MERCH003,5802.74,INR,SUCCESS,NETBANKING,2026-08-06 16:32:21.391818,INV8791B776
TXNC1AA5529BA,MERCH002,886.2,INR,SUCCESS,CARD,2026-08-02 23:37:21.390321,INV69E6095F
TXN4CEEFDC958,MERCH011,2961.33,INR,SUCCESS,UPI,2026-08-07 03:51:21.392929,INV82FABCC5
TXN08249D0793,MERCH006,10595.99,INR,SUCCESS,UPI,2026-08-03 03:44:21.390740,INVDECF9463
TXN9D83F28F69,MERCH016,6271.75,INR,SUCCESS,CARD,2026-07-29 19:37:21.392452,INVF170B3EE
TXN7BE921113B,MERCH017,3685.73,INR,SUCCESS,CARD,2026-07-26 23:41:21.390624,INVE7EAC37B
TXN66C00D9444,MERCH015,7706.04,INR,SUCCESS,CARD,2026-08-17 02:47:21.390001,INV2B64242B
TXN3A386E9779,MERCH014,3253.88,INR,SUCCESS,CARD,2026-08-16 06:25:21.394206,
TXNC72AE02CBC,MERCH002,744.74,INR,SUCCESS,UPI,2026-08-23 05:46:21.388499,INV8085A158
TXND01F1B5056,MERCH004,3632.4,INR,SUCCESS,EMI,2026-08-17 06:09:21.394251,
TXNEF9DF1BA63,MERCH020,652.61,INR,SUCCESS,WALLET,2026-08-12 19:38:21.394376,
TXNAE872090C9,MERCH002,13534.33,INR,SUCCESS,UPI,2026-08-04 23:40:21.394675,INV6B0E929C
TXNCF37C1B802,MERCH005,3382.12,INR,SUCCESS,NETBANKING,2026-08-12 19:15:21.394961,INV3F02A6B7
TXND2C68FDFD3,MERCH008,1494.24,INR,SUCCESS,WALLET,2026-08-10 17:25:21.390806,INV43DFD839
TXN3486809957,MERCH005,9356.76,INR,SUCCESS,EMI,2026-08-14 19:53:21.390562,INV9B5689AF
TXN49EBEAA014,MERCH013,1028.49,INR,SUCCESS,WALLET,2026-08-23 04:06:21.391834,INVD6D4823E
TXN7476462B3D,MERCH003,6013.38,INR,SUCCESS,WALLET,2026-07-27 06:31:21.389047,INV84F7FD34
TXNBECAE85C5B,MERCH020,568.01,INR,SUCCESS,NETBANKING,2026-07-26 15:48:21.391356,INV82520B6E
TXN4DC54BE0B7,MERCH014,3558.34,INR,SUCCESS,EMI,2026-08-08 11:03:21.394073,
TXNF042DC266E,MERCH016,9411.48,INR,SUCCESS,WALLET,2026-07-25 20:09:21.394450,INV74D084E3
TXN712AE4806F,MERCH009,5251.0,INR,SUCCESS,EMI,2026-07-31 14:52:21.394342,
TXN2D86B8A9DE,MERCH013,1133.38,INR,SUCCESS,CARD,2026-08-22 18:23:21.394032,
TXN3184870D4E,MERCH017,3297.15,INR,SUCCESS,EMI,2026-08-23 03:40:21.388948,INV213AA4C2
TXNEF157DCB7D,MERCH017,3432.46,INR,SUCCESS,WALLET,2026-08-22 08:33:21.393219,INVA228AB87
TXN4A7D0FA7BF,MERCH003,3998.7,INR,SUCCESS,EMI,2026-08-21 22:03:21.392088,INV97FD678F
TXN3064300550,MERCH003,4994.9,INR,SUCCESS,CARD,2026-08-11 09:52:21.394530,INV3128D6BE
TXN6B2FC9D258,MERCH006,9638.62,INR,SUCCESS,EMI,2026-08-13 15:32:21.394407,INV2DB768D8
TXNE617AFF311,MERCH010,995.11,INR,SUCCESS,EMI,2026-08-03 06:19:21.392498,INV5910FCCA
TXNE856187917,MERCH019,11072.74,INR,SUCCESS,NETBANKING,2026-08-02 21:32:21.394265,
TXND46140EB4C,MERCH020,636.98,INR,SUCCESS,EMI,2026-08-15 20:41:21.390493,INV79A52D87
TXN779CCE07CD,MERCH019,12653.82,INR,SUCCESS,NETBANKING,2026-08-13 19:23:21.390874,INV494A7E51
TXNCB1E85F694,MERCH009,6084.79,INR,SUCCESS,EMI,2026-08-04 16:14:21.393539,INV05DD052F
TXNB95AD27B8F,MERCH017,3423.95,INR,SUCCESS,CARD,2026-08-04 04:39:21.391453,INV7E9E5EF2
TXNC0C794837E,MERCH015,8406.79,INR,SUCCESS,NETBANKING,2026-08-21 22:57:21.390352,INV81A418D5
TXN9D3AEA819B,MERCH013,858.5,INR,SUCCESS,EMI,2026-08-03 14:38:21.390886,INV79560C61
TXN1CD73476DE,MERCH001,9572.86,INR,SUCCESS,NETBANKING,2026-08-24 12:06:21.390184,INVAE4162C6
TXN9B7EE9445C,MERCH020,650.98,INR,SUCCESS,CARD,2026-07-26 06:52:21.391469,INVA034E637
TXN459FCD8771,MERCH007,12206.09,INR,SUCCESS,NETBANKING,2026-08-01 04:21:21.393121,INV652EC0A1
TXN397B2B893B,MERCH003,3448.15,INR,SUCCESS,EMI,2026-08-01 17:10:21.394125,
TXN4A8A8691F5,MERCH018,5569.15,INR,SUCCESS,EMI,2026-08-01 12:33:21.393504,INV4D427323
TXNE6A1964D60,MERCH012,8174.53,INR,SUCCESS,EMI,2026-08-03 11:06:21.392401,INV6ECD038B
TXN87000CF6C5,MERCH001,12640.59,INR,SUCCESS,CARD,2026-08-16 20:53:21.388770,INV342E5648
TXNCCDEC69D1C,MERCH014,3834.15,INR,SUCCESS,UPI,2026-08-17 11:11:21.389831,INV6DE5ED36
TXN1EA6220C9A,MERCH004,3806.52,INR,SUCCESS,WALLET,2026-07-30 15:08:21.389597,INV8ED445C2
TXNEFB771BB70,MERCH014,3034.42,INR,SUCCESS,WALLET,2026-08-14 23:16:21.391256,INVEDA9A424
TXN9DB190CA86,MERCH005,8272.64,INR,SUCCESS,UPI,2026-08-21 15:46:21.391150,INV94288057
TXN86BDC03B3B,MERCH007,13415.99,INR,SUCCESS,UPI,2026-08-18 09:32:21.391897,INVEE48A171
TXN3F8881C714,MERCH018,10034.96,INR,SUCCESS,WALLET,2026-08-01 09:33:21.388895,INV71172D4E
TXN140EC25164,MERCH015,216802.53,INR,SUCCESS,CARD,2026-07-26 00:29:21.394707,INV1ED34794
TXN37852D091E,MERCH014,3892.72,INR,SUCCESS,NETBANKING,2026-08-01 06:27:21.394516,
TXN081A72AF1B,MERCH008,2266.85,INR,SUCCESS,WALLET,2026-07-26 11:36:21.388878,INV435DA241
TXNA9362DACE7,MERCH003,3906.27,INR,SUCCESS,NETBANKING,2026-08-13 10:19:21.388444,INV211BC53A
TXN792644A604,MERCH003,5295.76,INR,SUCCESS,UPI,2026-07-30 21:06:21.392125,INV234104BD
TXN0298BFF1B8,MERCH020,570.18,INR,SUCCESS,CARD,2026-08-21 06:49:21.394545,INVFDF19BD8
TXN2A99C6551B,MERCH016,7652.72,INR,SUCCESS,WALLET,2026-08-24 04:46:21.390217,INVDE169081
TXNC17B5A00BC,MERCH015,243345.79,INR,SUCCESS,UPI,2026-08-03 01:47:21.394646,INV05B6F502
TXN07B3437CBC,MERCH014,2357.72,INR,SUCCESS,CARD,2026-07-31 20:11:21.393564,INV68A941D1
TXNA41894D692,MERCH008,1996.51,INR,SUCCESS,CARD,2026-08-25 05:17:21.393229,INV4B964847
TXN54CC642DE5,MERCH003,4998.75,INR,SUCCESS,EMI,2026-08-17 07:01:21.392508,INVFA917E2C
TXN8816625B00,MERCH006,10204.24,INR,SUCCESS,UPI,2026-08-11 20:41:21.389262,INV6F69D39A
TXN6A13D7F9DD,MERCH018,5405.82,INR,SUCCESS,CARD,2026-08-20 03:40:21.393965,INV010601DF
TXN4163A56C68,MERCH009,5122.8,INR,SUCCESS,WALLET,2026-08-19 22:08:21.390390,INV3B8A7CD7
TXN28A346D1C1,MERCH009,6639.08,INR,SUCCESS,CARD,2026-08-16 21:10:21.389640,INV4F7947C0
TXN7F25178490,MERCH006,10234.5,INR,SUCCESS,UPI,2026-08-11 21:34:21.391170,INV0ED23E85
TXN044B6783AE,MERCH006,9638.62,INR,SUCCESS,WALLET,2026-08-13 15:37:21.394407,
TXN3E0C392499,MERCH005,13281.01,INR,SUCCESS,CARD,2026-08-04 19:30:21.392476,INVC9312018
TXN915C9A2E20,MERCH018,9088.53,INR,SUCCESS,EMI,2026-07-25 14:03:21.392063,INVED3DC48B
TXN952E0BF156,MERCH010,18703.01,INR,SUCCESS,WALLET,2026-08-07 09:05:21.394666,INV50BB86D0
TXN5B8542C6F0,MERCH003,4899.31,INR,SUCCESS,CARD,2026-08-07 06:49:21.391130,INVB8FA84C7
TXND32A3A934A,MERCH016,2553.41,INR,REFUNDED,NETBANKING,2026-08-24 19:38:21.394975,
TXN6349ECA2D8,MERCH002,1030.46,INR,SUCCESS,WALLET,2026-08-17 15:13:21.391738,INVE4379D00
TXNE8FD6358C9,MERCH015,11302.8,INR,SUCCESS,CARD,2026-08-10 08:38:21.394469,
TXN14077CF4D9,MERCH011,4028.85,INR,SUCCESS,WALLET,2026-08-24 12:04:21.389114,INV50B925F4
TXN54DF285B69,MERCH008,1679.7,INR,SUCCESS,UPI,2026-08-23 18:57:21.392962,INV4673B35C
TXN79650ACD85,MERCH006,8801.87,INR,SUCCESS,EMI,2026-08-03 17:55:21.392528,INV1273BD5E
TXN1745C25FCA,MERCH020,403.13,INR,SUCCESS,WALLET,2026-08-02 12:16:21.393493,INV61D0797D
TXND89564185A,MERCH015,10889.27,INR,SUCCESS,EMI,2026-08-22 00:46:21.390440,INVCCD2F30F
TXNF85C3219C5,MERCH002,766.22,INR,SUCCESS,CARD,2026-07-29 10:26:21.389014,INV2B54DED9
TXN213635BEA9,MERCH009,7292.54,INR,SUCCESS,WALLET,2026-07-28 00:54:21.392228,INV3C141FC9
TXN6CDE3A96EA,MERCH003,3479.44,INR,SUCCESS,UPI,2026-08-18 10:12:21.390503,INVAE0B3A5E
TXN1CF09C225D,MERCH010,799.77,INR,SUCCESS,NETBANKING,2026-08-22 01:40:21.391524,INV7AF4A488
TXN376AEF7992,MERCH004,1122.56,INR,REFUNDED,NETBANKING,2026-08-22 20:46:21.394947,
TXN3B0294C477,MERCH015,12698.38,INR,SUCCESS,CARD,2026-07-26 11:32:21.390973,INV03B534DD
TXNC05F050D9E,MERCH013,826.21,INR,SUCCESS,EMI,2026-08-12 18:12:21.388668,INVCC0CDDF2
TXN1F67DFDD1D,MERCH008,2399.39,INR,SUCCESS,UPI,2026-08-17 11:42:21.393955,INV393FA417
TXNAFF24CCC25,MERCH008,1931.72,INR,SUCCESS,UPI,2026-08-15 04:46:21.389360,INVE73BB856
TXNEC326DF332,MERCH016,6900.19,INR,SUCCESS,UPI,2026-07-29 03:22:21.393634,INVB516FF6C
TXN58891F6B3A,MERCH010,736.3,INR,SUCCESS,UPI,2026-08-10 15:10:21.390481,INVBDF54DFB
TXN9583479D51,MERCH011,1911.95,INR,SUCCESS,WALLET,2026-08-05 04:51:21.394011,INV89B5FC4E
TXN804816E488,MERCH006,10969.63,INR,SUCCESS,EMI,2026-08-20 08:55:21.393782,INVA32533D3
TXNA5A8C3D6A4,MERCH020,638.21,INR,SUCCESS,NETBANKING,2026-07-27 19:29:21.389460,INVB5946B46
TXNA6F302CF93,MERCH015,6334.64,INR,SUCCESS,EMI,2026-08-23 13:51:21.391191,INV6C4A2390
TXNE7A031CC05,MERCH016,9310.69,INR,SUCCESS,WALLET,2026-08-25 02:22:21.389734,INVB6C2A793
TXNA94DF9A77B,MERCH016,7746.44,INR,SUCCESS,CARD,2026-08-04 09:47:21.390416,INVA562FC5B
TXN701742CB3F,MERCH002,1082.36,INR,SUCCESS,WALLET,2026-07-25 16:59:21.393550,INV4892C02A
TXN03EDF81DF0,MERCH015,12223.8,INR,SUCCESS,UPI,2026-07-31 03:48:21.394194,
TXNE1DEB4BAF3,MERCH008,1372.82,INR,SUCCESS,EMI,2026-08-12 07:58:21.394023,
TXN4F99398006,MERCH015,11609.6,INR,SUCCESS,WALLET,2026-08-20 09:37:21.392176,INV6C56C194
TXNA04D20D59D,MERCH007,12450.4,INR,SUCCESS,UPI,2026-08-16 01:46:21.392212,INVCE869957
TXN97B91ADFF3,MERCH008,1814.45,INR,SUCCESS,WALLET,2026-07-27 20:33:21.391041,INV79417B98
TXN7786974A1F,MERCH016,8279.02,INR,SUCCESS,CARD,2026-08-23 13:25:21.392052,INVF97D8557
TXN4A289F03B6,MERCH007,15711.73,INR,SUCCESS,NETBANKING,2026-08-23 00:15:21.389673,INVDAFC46FE
TXN665EAB8636,MERCH009,5167.12,INR,SUCCESS,NETBANKING,2026-08-10 16:48:21.388511,INVF4B1248B
TXN3973F48BEE,MERCH003,3678.14,INR,SUCCESS,CARD,2026-08-05 02:34:21.393439,INVF1E89B76
TXNAE92C68296,MERCH010,897.99,INR,SUCCESS,NETBANKING,2026-08-06 18:00:21.389531,INV2AD4DFFB
TXNC28043112F,MERCH005,5378.27,INR,SUCCESS,EMI,2026-08-23 16:15:21.393472,INV4B50DFDE
TXN999336D8C5,MERCH012,6753.45,INR,SUCCESS,UPI,2026-08-02 16:00:21.388544,INV9BCD87E5
TXNB738ECF5D6,MERCH012,7941.6,INR,SUCCESS,EMI,2026-08-04 21:16:21.389379,INV32E648B1
TXN2D96D354DA,MERCH003,3214.46,INR,SUCCESS,WALLET,2026-08-05 00:33:21.389799,INVDF037BE6
TXN280A236597,MERCH018,173798.77,INR,SUCCESS,NETBANKING,2026-08-08 08:21:21.394560,INVFEF8141D
TXN16A2CCD785,MERCH003,4206.01,INR,SUCCESS,UPI,2026-08-01 13:47:21.393132,INV72B4F7B2
TXN56E6D5BA3C,MERCH004,4761.34,INR,SUCCESS,CARD,2026-08-01 02:43:21.393704,INVBB470FAF
TXNFCA01CE124,MERCH009,6532.81,INR,SUCCESS,CARD,2026-08-19 10:20:21.393187,INVCBE4EF2D
TXNB7B1907077,MERCH011,75289.41,INR,SUCCESS,CARD,2026-08-16 09:17:21.394830,INV62A62C5F
TXN9B3ED13516,MERCH003,5593.26,INR,SUCCESS,NETBANKING,2026-08-22 21:26:21.388972,INVB74616BF
TXN26D427DA9D,MERCH003,4996.15,INR,SUCCESS,EMI,2026-08-12 21:13:21.392780,INV24AA0E4E
TXN790C22F991,MERCH005,10414.83,INR,SUCCESS,WALLET,2026-08-18 18:09:21.392813,INVBC2C90FB
TXN275EAA3100,MERCH015,12460.8,INR,SUCCESS,EMI,2026-08-14 15:36:21.391706,INVBE17BD3E
TXN00097F3855,MERCH008,2222.74,INR,SUCCESS,NETBANKING,2026-08-18 23:19:21.389340,INVE547AD63
TXNB1B70AB3EB,MERCH010,929.45,INR,SUCCESS,EMI,2026-08-01 08:37:21.391557,INV41862065
TXNF254C2E549,MERCH005,286970.95,INR,SUCCESS,WALLET,2026-07-30 05:53:21.394604,INVD4AFCEF7
TXNC729825870,MERCH015,8919.49,INR,SUCCESS,EMI,2026-08-23 13:12:21.389173,INV1B99BD91
TXN0E4CB87C14,MERCH019,15093.16,INR,SUCCESS,UPI,2026-08-04 07:14:21.390331,INV2E2568E7
TXN23E6A62F5A,MERCH007,11200.35,INR,SUCCESS,EMI,2026-08-08 08:55:21.388983,INV5CD229EB
TXNEA0C4B7E53,MERCH009,6308.25,INR,SUCCESS,CARD,2026-08-19 20:37:21.390293,INV6CE63D5F
TXNAD14C05B51,MERCH012,7933.81,INR,SUCCESS,CARD,2026-08-16 03:12:21.394277,
TXN590E5BE400,MERCH012,3839.85,INR,SUCCESS,CARD,2026-08-07 13:48:21.393601,INV5230B68A
TXND228C0E36F,MERCH017,3304.09,INR,SUCCESS,NETBANKING,2026-08-09 06:44:21.391567,INV9E0AB075
TXN678D1AB6D6,MERCH003,2261.4,INR,SUCCESS,WALLET,2026-07-27 10:42:21.393377,INVA25842B2
TXNEE4184C50B,MERCH002,249.11,INR,REFUNDED,EMI,2026-07-27 11:52:21.394992,
TXN911789F72A,MERCH018,9753.81,INR,SUCCESS,CARD,2026-08-11 09:14:21.389025,INVF9D876D4
TXN5A3BEB4807,MERCH010,1077.66,INR,SUCCESS,UPI,2026-08-24 03:56:21.393051,INV2004C387
TXN34DDF28117,MERCH006,8797.66,INR,SUCCESS,NETBANKING,2026-07-27 14:52:21.393262,INVDC860F1D
TXN791883F2E6,MERCH008,2304.94,INR,SUCCESS,UPI,2026-08-17 17:27:21.393088,INV32B719C1
TXN87AF2A97E0,MERCH006,9814.62,INR,SUCCESS,EMI,2026-08-04 18:39:21.394239,
TXN64E8F4A25D,MERCH012,8903.45,INR,SUCCESS,EMI,2026-07-26 01:12:21.393912,INV3EAA431E
TXN321364419A,MERCH016,7322.02,INR,SUCCESS,EMI,2026-08-19 22:43:21.392998,INVB30BB4B7
TXN0D6B483BE0,MERCH015,8488.22,INR,SUCCESS,NETBANKING,2026-08-14 18:32:21.392589,INV932A51D6
TXNE91C1CB024,MERCH004,2770.96,INR,SUCCESS,UPI,2026-07-25 23:46:21.391296,INVA583B929
TXN1605739DE3,MERCH002,728.55,INR,SUCCESS,EMI,2026-08-15 23:39:21.390917,INV910C4521
TXNFF845F3E78,MERCH009,5492.92,INR,SUCCESS,WALLET,2026-08-24 10:59:21.392300,INVB36572A9
TXN6DEEFC08EC,MERCH018,8905.64,INR,SUCCESS,WALLET,2026-08-11 07:54:21.389630,INVB34EFB37
TXN9BE8F0B353,MERCH020,758.28,INR,SUCCESS,CARD,2026-08-18 23:35:21.394131,
TXNFE2626388D,MERCH013,246.48,INR,SUCCESS,CARD,2026-08-15 17:38:21.394932,INV31FB500E
TXN17F93B9535,MERCH011,4727.01,INR,SUCCESS,NETBANKING,2026-08-19 22:28:21.390030,INV16463984
TXNF35B0DEF99,MERCH019,232622.24,INR,SUCCESS,UPI,2026-07-28 20:44:21.394573,INVE4CA7A92
TXN58616E4D0F,MERCH016,7945.79,INR,SUCCESS,NETBANKING,2026-08-23 17:17:21.392136,INVB832DA51
TXNB25DA6EB77,MERCH002,913.94,INR,SUCCESS,UPI,2026-08-20 11:03:21.389130,INVF8C5AFAA
TXNB94AA6C1E0,MERCH020,679.55,INR,SUCCESS,EMI,2026-08-17 21:43:21.390791,INV7C8B0B4A
TXN00B5CE9EDA,MERCH020,707.76,INR,SUCCESS,NETBANKING,2026-08-06 21:21:21.389151,INVE93AA1F4
TXN17594288C5,MERCH020,411.17,INR,SUCCESS,WALLET,2026-07-29 11:24:21.390533,INV1ABE0914
